分析報告開始,分析報告結束,廣告名稱,貼文留言數,訊息對話開始次數,潛在顧客,每次成果成本,成果指標,"花費金額 (TWD)",點擊次數（全部）,CTR（全部）,頻率,開始,結束時間
2025-10-28,2026-05-29,0121_簡短版介紹(影片),,,,,,0,0,0,1,2026-01-21,2026-02-01
2025-10-28,2026-05-29,0121_簡短版介紹(影片),,,,,,0,0,0,1,2026-01-21,2026-02-01
2025-10-28,2026-05-29,0121_簡短版介紹(影片),,,,,,11,1,12.5,1,2026-01-21,2026-02-01
2025-10-28,2026-05-29,1028_EP03(影片)V2,,,,,,18,0,0,1,2026-01-21,2026-02-01
2025-10-28,2026-05-29,1222_千坪綠覆(影片)V2,,,1,1004,actions:leadgen.other,1004,55,4.786771,1.488342,2026-03-04,進行中
2025-10-28,2026-05-29,0121_簡短版介紹(影片),,,,,,412,15,3.496504,1.324074,2026-03-04,進行中
2025-10-28,2026-05-29,1028_EP03(影片)V2,,,,,,1,1,14.285714,1.166667,2026-03-04,進行中
2025-10-28,2026-05-29,1028_EP03片段1(影片),,,3,859.33333333,actions:leadgen.other,2578,120,3.284072,1.975135,2026-03-04,進行中
2025-10-28,2026-05-29,1028_EP02片段1(影片),,,,,,46,4,5.797101,1.112903,2026-03-04,進行中
2025-10-28,2026-05-29,1028_EP03片段1(影片),1,,,,,1550,55,3.128555,1.340961,2025-10-28,進行中
2025-10-28,2026-05-29,1028_EP02片段1(影片),,,2,474.5,actions:leadgen.other,949,60,5.272408,1.753467,2025-10-28,進行中
2025-10-28,2026-05-29,0320_EP02片段2(影片),,,,,,347,13,3.439153,1.326316,2026-03-04,進行中
2025-10-28,2026-05-29,0416_旗艦公設第二版(影片),,,2,1161,actions:leadgen.other,2322,128,5.446809,2.263969,2025-10-28,進行中
2025-10-28,2026-05-29,0416_旗艦公設第二版(影片),,,,,,579,20,2.219756,1.346786,2025-11-26,2026-04-24
2025-10-28,2026-05-29,0320_EP02片段2(影片),,,,,,185,2,1.526718,1.212963,2025-11-10,進行中
2025-10-28,2026-05-29,1028_EP02(影片),,,,,,612,19,2.848576,1.111667,2025-11-10,進行中
2025-10-28,2026-05-29,0320_EP02片段2(影片),,,,,,474,7,1.147541,1.182171,2025-11-26,2026-04-24
2025-10-28,2026-05-29,0320_EP02片段2(影片),,,7,440.28571429,actions:leadgen.other,3082,126,4.705004,2.069552,2025-10-28,進行中
2025-10-28,2026-05-29,0416_旗艦公設第二版(單圖),,,,,,559,30,2.640845,1.780564,2025-10-28,進行中
2025-10-28,2026-05-29,0320_EP02片段2(影片),,,,,,550,17,2.374302,1.147436,2025-10-28,進行中
2025-10-28,2026-05-29,0416_旗艦公設第二版(單圖),,,,,,217,16,2.213001,1.211055,2025-10-28,進行中
2025-10-28,2026-05-29,1028_EP03(影片)V2,,,,,,216,10,2.73224,1.293286,2026-01-15,2026-01-26
2025-10-28,2026-05-29,1028_EP02(影片),,,,,,1074,83,4.07262,1.243441,2026-01-15,2026-01-26
2025-10-28,2026-05-29,1222_千坪綠覆(影片)V2,,,,,,356,23,3.221289,1.0625,2026-01-15,2026-01-26
2025-10-28,2026-05-29,1028_EP03(影片)V2,,,,,,268,5,1.497006,1.128378,2026-01-15,2026-01-26
2025-10-28,2026-05-29,1222_千坪綠覆(影片)V2,,,,,,1344,85,4.550321,1.130751,2026-01-15,2026-01-26
2025-10-28,2026-05-29,1222_千坪綠覆(影片)V2,,,,,,374,9,3.020134,1.064286,2026-01-19,2026-01-30
2025-10-28,2026-05-29,1028_EP03(影片)V2,,,,,,170,3,2.777778,1.16129,2026-01-19,2026-01-30
2025-10-28,2026-05-29,1028_EP02(影片),,,,,,273,6,1.088929,1.078278,2026-01-19,2026-01-30
2025-10-28,2026-05-29,1222_千坪綠覆(影片)V2,,,,,,320,12,2.580645,1.091549,2026-01-19,2026-01-30
2025-10-28,2026-05-29,1028_EP03(影片)V2,,,,,,91,2,2.816901,1.092308,2026-01-19,2026-01-30
2025-10-28,2026-05-29,1028_EP02(影片),,,,,,300,25,3.980892,1.139746,2026-01-19,2026-01-30
2025-10-28,2026-05-29,1222_千坪綠覆(影片)V2,,,,,,166,4,1.724138,1.06422,2026-01-19,2026-01-30
2025-10-28,2026-05-29,1028_EP03(影片)V2,,,,,,168,1,0.671141,1.128788,2026-01-19,2026-01-30
2025-10-28,2026-05-29,1028_EP02(影片),,,,,,301,10,2.053388,1.07033,2026-01-19,2026-01-30
2025-10-28,2026-05-29,1028_EP03(影片)V2,,,,,,94,2,3.773585,1.019231,2026-01-19,2026-01-30
2025-10-28,2026-05-29,1222_千坪綠覆(影片)V2,,,,,,337,6,1.954397,1.044218,2026-01-19,2026-01-30
2025-10-28,2026-05-29,1028_EP02(影片),,,,,,416,13,2.59481,1.091503,2026-01-19,2026-01-30
2025-10-28,2026-05-29,0121_簡短版介紹(影片),1,2,8,561.125,actions:leadgen.other,4489,326,6.435057,2.239611,2025-10-28,進行中
2025-10-28,2026-05-29,0121_簡短版介紹(影片),,,,,,7,1,12.5,1.142857,2026-01-21,2026-02-01
2025-10-28,2026-05-29,1028_EP03(影片)V2,,,,,,0,0,0,1,2026-01-21,2026-02-01
2025-10-28,2026-05-29,0121_簡短版介紹(影片),,,,,,1,0,0,1,2026-01-21,2026-02-01
2025-10-28,2026-05-29,1028_EP03(影片)V2,,,,,,0,0,0,1,2026-01-09,2026-01-20
2025-10-28,2026-05-29,1222_千坪綠覆(影片)V2,,,1,1296,actions:leadgen.other,1296,29,2.96827,1.154846,2026-01-09,2026-01-20
2025-10-28,2026-05-29,1028_EP02(影片),,,,,,568,39,2.414861,1.049383,2026-01-09,2026-01-20
2025-10-28,2026-05-29,1028_EP03(影片)V2,,,1,202,actions:leadgen.other,202,7,3.043478,1.090047,2026-01-09,2026-01-20
2025-10-28,2026-05-29,1028_EP02(影片),,,1,964,actions:leadgen.other,964,62,2.52958,1.115105,2026-01-09,2026-01-20
2025-10-28,2026-05-29,1222_千坪綠覆(影片)V2,,,,,,621,19,2.519894,1.081779,2026-01-09,2026-01-20
2025-10-28,2026-05-29,1222_千坪綠覆(影片)V2,,,,,,635,22,2.407002,1.091995,2026-01-09,2026-01-20
2025-10-28,2026-05-29,1028_EP03(影片)V2,,,,,,84,0,0,1.058824,2026-01-09,2026-01-20
2025-10-28,2026-05-29,1028_EP02(影片),1,,1,1034,actions:leadgen.other,1034,50,2.181501,1.080622,2026-01-09,2026-01-20
2025-10-28,2026-05-29,1222_千坪綠覆(影片)V2,,,,,,798,35,3.267974,1.056213,2026-01-12,2026-01-23
2025-10-28,2026-05-29,1028_EP03(影片)V2,,,1,294,actions:leadgen.other,294,4,1.092896,1.048711,2026-01-12,2026-01-23
2025-10-28,2026-05-29,1028_EP02(影片),,,,,,724,33,2.156863,1.120059,2026-01-12,2026-01-23
2025-10-28,2026-05-29,1028_EP03(影片)V2,,,,,,5,0,0,1,2026-01-12,2026-01-23
2025-10-28,2026-05-29,1028_EP03(影片)V2,,,,,,416,19,3.499079,1.193407,2026-01-14,2026-01-25
2025-10-28,2026-05-29,1222_千坪綠覆(影片)V2,2,,,,,1382,64,3.026005,1.094721,2026-01-14,2026-01-25
2025-10-28,2026-05-29,1028_EP02(影片),,,,,,640,27,1.747573,1.08345,2026-01-14,2026-01-25
2025-10-28,2026-05-29,1028_EP03(影片)V2,,,,,,301,4,1.486989,1.102459,2026-01-14,2026-01-25
2025-10-28,2026-05-29,1222_千坪綠覆(影片)V2,2,,,,,623,24,2.38806,1.047967,2026-01-14,2026-01-25
2025-10-28,2026-05-29,1028_EP02(影片),,,1,1061,actions:leadgen.other,1061,24,0.933852,1.113036,2026-01-14,2026-01-25
2025-10-28,2026-05-29,1028_EP03(影片)V2,,,,,,296,4,0.829876,1.036559,2026-01-14,2026-01-25
2025-10-28,2026-05-29,1222_千坪綠覆(影片)V2,1,,1,636,actions:leadgen.other,636,32,3.474484,1.059839,2026-01-14,2026-01-25
2025-10-28,2026-05-29,1222_千坪綠覆(影片)V2,1,,,,,1265,84,3.173404,1.115936,2026-01-15,2026-01-26
2025-10-28,2026-05-29,1028_EP03(影片),,,2,945.5,actions:leadgen.other,1891,73,1.823632,1.223037,2025-10-28,進行中
2025-10-28,2026-05-29,1028_EP03(影片),,,,,,205,6,1.526718,1.056452,2026-01-05,進行中
2025-10-28,2026-05-29,1222_千坪綠覆(影片),,,,,,127,7,3.043478,1.090047,2026-01-05,進行中
2025-10-28,2026-05-29,1222_千坪綠覆(影片),1,,,,,439,19,2.486911,1.070028,2025-11-10,進行中
2025-10-28,2026-05-29,1028_EP03(影片)V2,,,,,,76,2,2.325581,1.102564,2025-11-10,進行中
2025-10-28,2026-05-29,1028_EP03(影片)V2,3,1,16,448.125,actions:leadgen.other,7170,413,4.766301,2.099079,2025-10-28,進行中
2025-10-28,2026-05-29,1028_EP03(影片)V2,,,,,,175,4,1.162791,1.092063,2026-01-05,進行中
2025-10-28,2026-05-29,1028_EP03(影片)V2,,,1,382,actions:leadgen.other,382,9,1.262272,1.355513,2025-10-28,進行中
2025-10-28,2026-05-29,1222_千坪綠覆(影片)V2,,,,,,244,15,4.761905,1.137184,2025-11-10,進行中
2025-10-28,2026-05-29,1222_千坪綠覆(影片)V2,,,,,,187,4,1.5625,1.089362,2026-01-05,進行中
2025-10-28,2026-05-29,1222_千坪綠覆(影片)V2,2,,10,549.6,actions:leadgen.other,5496,356,5.999326,1.935421,2025-10-28,進行中
2025-10-28,2026-05-29,1222_千坪綠覆(影片)V2,,,,,,424,11,1.598837,1.178082,2025-10-28,進行中
2025-10-28,2026-05-29,1222_千坪綠覆(影片)V2,,,1,2033,actions:leadgen.other,2033,69,2.072072,1.217105,2025-11-28,2026-01-26
2025-10-28,2026-05-29,1028_EP03(影片)V2,,,1,991,actions:leadgen.other,991,27,1.64034,1.204978,2025-11-28,2026-01-26
2025-10-28,2026-05-29,1222_千坪綠覆(影片)V2,,,,,,695,19,2.261905,1.072797,2026-01-07,進行中
2025-10-28,2026-05-29,1028_EP02(影片),,,,,,517,10,1.239157,1.120833,2026-01-07,進行中
2025-10-28,2026-05-29,1028_EP03(影片)V2,,,,,,544,16,2.234637,1.154839,2026-01-09,2026-01-20
2025-10-28,2026-05-29,1222_千坪綠覆(影片)V2,,,,,,639,27,3.813559,1.140097,2026-01-09,2026-01-20
2025-10-28,2026-05-29,1028_EP02(影片),,,1,1246,actions:leadgen.other,1246,56,2.2499,1.106714,2026-01-09,2026-01-20
2025-10-28,2026-05-29,1222_千坪綠覆(影片)V2,,,,,,1,0,0,1,2026-01-09,2026-01-20
2025-10-28,2026-05-29,1028_EP03(影片)V2,,,,,,784,25,2.587992,1.154122,2026-01-09,2026-01-20
2025-10-28,2026-05-29,1114_生活有品味(影片),,,,,,149,5,2.118644,1.340909,2025-12-18,2026-01-08
2025-10-28,2026-05-29,1028_EP03(影片),,,3,766.66666667,actions:leadgen.other,2300,64,1.880694,1.171832,2025-12-18,2026-01-08
2025-10-28,2026-05-29,1028_EP02(影片),,,1,774,actions:leadgen.other,774,38,1.794993,1.086756,2025-12-18,2025-12-31
2025-10-28,2026-05-29,1028_EP03(影片),,,,,,847,37,3.850156,1.134593,2025-12-18,2025-12-31
2025-10-28,2026-05-29,1114_生活有品味(影片),,,,,,0,0,0,1,2025-12-18,2025-12-31
2025-10-28,2026-05-29,1028_EP02(影片),,,3,939.66666667,actions:leadgen.other,2819,158,2.87796,1.147096,2025-12-18,2026-01-08
2025-10-28,2026-05-29,1222_千坪綠覆(影片),,,,,,415,24,2.933985,1.20649,2025-12-18,2025-12-31
2025-10-28,2026-05-29,1222_千坪綠覆(影片),,,1,978,actions:leadgen.other,978,29,1.437066,1.228241,2025-12-18,2026-01-08
2025-10-28,2026-05-29,1222_千坪綠覆(影片),,,,,,316,16,2.882883,1.10338,2025-12-26,2026-01-08
2025-10-28,2026-05-29,1028_EP03(影片),,,2,689.5,actions:leadgen.other,1379,46,3.554869,1.148181,2025-12-26,2026-01-08
2025-10-28,2026-05-29,1222_千坪綠覆(影片),,,,,,505,27,2.8451,1.153098,2025-12-29,2026-01-19
2025-10-28,2026-05-29,1222_千坪綠覆(影片),,,,,,487,33,3.346856,1.065946,2025-12-31,2026-01-21
2025-10-28,2026-05-29,1222_千坪綠覆(影片),1,,2,251.5,actions:leadgen.other,503,39,6.689537,1.313063,2025-10-28,進行中
2025-10-28,2026-05-29,1222_千坪綠覆(影片),,,,,,357,12,1.886792,1.193246,2025-10-30,進行中
2025-10-28,2026-05-29,1222_千坪綠覆(影片),,,,,,237,6,2.135231,1.146939,2026-01-02,2026-01-13
2025-10-28,2026-05-29,1028_EP03(影片),,,1,1077,actions:leadgen.other,1077,26,3.009259,1.150466,2026-01-02,2026-01-13
2025-10-28,2026-05-29,1222_千坪綠覆(影片),,,1,764,actions:leadgen.other,764,25,2.044154,1.358889,2025-10-28,進行中
2025-10-28,2026-05-29,1028_EP02(影片),,,3,381.66666667,actions:leadgen.other,1145,58,1.753855,1.085686,2025-12-08,2025-12-20
2025-10-28,2026-05-29,1028_EP03(影片),,,,,,1467,42,3.11804,1.160207,2025-12-08,2025-12-20
2025-10-28,2026-05-29,1028_EP02(影片),2,,1,1238,actions:leadgen.other,1238,57,3.298611,1.180328,2025-12-08,2025-12-20
2025-10-28,2026-05-29,1114_生活有品味(影片),,,,,,0,0,0,1,2025-12-08,2025-12-20
2025-10-28,2026-05-29,1114_生活有品味(影片),,,1,321,actions:leadgen.other,321,10,3.154574,1.474419,2025-12-08,2025-12-20
2025-10-28,2026-05-29,1028_EP03(影片),,,,,,1490,46,2.47578,1.174463,2025-12-08,2025-12-20
2025-10-28,2026-05-29,1028_EP02(影片),,,1,1087,actions:leadgen.other,1087,46,2.170835,1.130736,2025-12-08,2025-12-20
2025-10-28,2026-05-29,1028_EP03(影片),,,,,,1847,64,4.822909,2.032159,2025-12-10,2025-12-30
2025-10-28,2026-05-29,1028_EP02(影片),1,,4,553.5,actions:leadgen.other,2214,128,4.102564,1.816065,2025-12-10,2025-12-30
2025-10-28,2026-05-29,1028_EP03(影片),1,,,,,646,22,3.034483,1.210351,2025-12-11,2025-12-21
2025-10-28,2026-05-29,1028_EP02(影片),,,,,,1409,27,0.759067,1.094798,2025-12-11,2025-12-21
2025-10-28,2026-05-29,1028_EP03(影片),,,,,,563,10,1.904762,1.169265,2025-12-11,2025-12-21
2025-10-28,2026-05-29,1028_EP02(影片),1,1,4,609,actions:leadgen.other,2436,113,1.681297,1.170091,2025-12-11,2025-12-21
2025-10-28,2026-05-29,1114_生活有品味(影片),,,,,,336,7,1.832461,1.618644,2025-12-17,2025-12-28
2025-10-28,2026-05-29,1028_EP03(影片),,,1,1431,actions:leadgen.other,1431,26,1.484866,1.166556,2025-12-17,2025-12-28
2025-10-28,2026-05-29,1028_EP02(影片),,,,,,1607,64,1.496376,1.138711,2025-12-17,2025-12-28
2025-10-28,2026-05-29,1114_生活有品味(影片),,,,,,24,0,0,1.275862,2025-12-17,2025-12-28
2025-10-28,2026-05-29,1114_生活有品味(影片),,,,,,155,7,5.072464,1.623529,2025-12-17,2025-12-28
2025-10-28,2026-05-29,1028_EP02(影片),,,1,725,actions:leadgen.other,725,58,3.310502,1.198358,2025-12-17,2025-12-28
2025-10-28,2026-05-29,1028_EP03(影片),,,,,,589,16,3.076923,1.12069,2025-12-17,2025-12-28
2025-10-28,2026-05-29,1028_不出門(影片),,,,,,637,18,3.680982,1.603279,2025-11-28,2025-12-07
2025-10-28,2026-05-29,1028_EP03(影片),,,1,967,actions:leadgen.other,967,36,3.035413,1.144788,2025-11-28,2025-12-07
2025-10-28,2026-05-29,1028_EP02(影片),1,,3,923,actions:leadgen.other,2769,132,2.313354,1.168066,2025-11-28,2025-12-17
2025-10-28,2026-05-29,1028_EP03(影片),,,1,1611,actions:leadgen.other,1611,50,2.482622,1.141076,2025-11-28,2025-12-17
2025-10-28,2026-05-29,1114_生活有品味(影片),,,,,,309,4,1.37457,1.197531,2025-11-28,2025-12-17
2025-10-28,2026-05-29,1114_生活有品味(影片),,,9,379,actions:leadgen.other,3411,95,2.18894,2.145329,2025-11-28,2026-01-26
2025-10-28,2026-05-29,1028_EP03(影片),,,1,1661,actions:leadgen.other,1661,48,1.823708,1.108211,2025-11-28,2026-01-26
2025-10-28,2026-05-29,1028_EP02(影片),2,,2,1630,actions:leadgen.other,3260,175,1.660972,1.19334,2025-11-28,2026-01-26
2025-10-28,2026-05-29,1114_生活有品味(影片),,,,,,432,23,2.836005,1.490809,2025-11-28,2025-12-07
2025-10-28,2026-05-29,1028_EP02(影片),,,,,,1093,53,1.836452,1.101106,2025-11-28,2025-12-07
2025-10-28,2026-05-29,1028_EP03(影片),,,,,,5,0,0,1,2025-11-28,2025-12-07
2025-10-28,2026-05-29,1028_EP03(影片),1,,,,,749,24,2.61723,1.130703,2025-12-02,2025-12-11
2025-10-28,2026-05-29,1114_生活有品味(影片),,,,,,1108,18,1.197605,1.64442,2025-12-02,2025-12-11
2025-10-28,2026-05-29,1028_EP02(影片),,,,,,632,13,1.285856,1.036923,2025-12-02,2025-12-11
2025-10-28,2026-05-29,1028_EP03(影片),,,,,,1551,63,2.660473,1.158513,2025-12-02,2025-12-11
2025-10-28,2026-05-29,1028_EP02(影片),,,,,,763,48,2.341463,1.089267,2025-12-02,2025-12-11
2025-10-28,2026-05-29,1114_生活有品味(影片),,,,,,5,0,0,1.066667,2025-12-02,2025-12-11
2025-10-28,2026-05-29,1114_生活有品味(影片),,,,,,34,2,2.272727,1.222222,2025-12-04,2025-12-14
2025-10-28,2026-05-29,1028_EP03(影片),,,,,,1473,46,2.220077,1.081984,2025-12-04,2025-12-14
2025-10-28,2026-05-29,1028_EP02(影片),,,1,1424,actions:leadgen.other,1424,80,2.41473,1.14202,2025-12-04,2025-12-14
2025-10-28,2026-05-29,1028_EP03(影片),1,,,,,682,25,3.246753,1.106322,2025-12-04,2025-12-14
2025-10-28,2026-05-29,1114_生活有品味(影片),,,,,,0,0,0,1,2025-12-04,2025-12-14
2025-10-28,2026-05-29,1028_EP03(影片),,,1,1227,actions:leadgen.other,1227,29,1.978172,1.068513,2025-12-08,2025-12-20
2025-10-28,2026-05-29,1114_生活有品味(影片),,,,,,133,3,4.347826,1.112903,2025-12-08,2025-12-20
2025-10-28,2026-05-29,1028_EP03(影片),,,1,1437,actions:leadgen.other,1437,58,2.812803,1.09448,2025-11-20,2025-11-30
2025-10-28,2026-05-29,1028_不出門(影片),,,,,,405,14,3.271028,1.436242,2025-11-20,2025-11-30
2025-10-28,2026-05-29,1028_EP02(影片),,,,,,0,0,0,1,2025-11-20,2025-11-30
2025-10-28,2026-05-29,1028_EP03(影片),,,,,,168,3,0.898204,1.009063,2025-11-21,進行中
2025-10-28,2026-05-29,1114_生活有品味(影片),,,,,,453,8,1.762115,1.371601,2025-11-21,進行中
2025-10-28,2026-05-29,1028_EP02(影片),1,,1,1091,actions:leadgen.other,1091,47,1.306281,1.055132,2025-11-21,進行中
2025-10-28,2026-05-29,1114_生活有品味(影片),,,,,,496,23,3.945111,1.432432,2025-11-21,進行中
2025-10-28,2026-05-29,1028_EP02(影片),,,1,828,actions:leadgen.other,828,55,4.306969,1.190121,2025-11-21,進行中
2025-10-28,2026-05-29,1028_EP02(影片),2,1,,,,401,13,1.289683,1.066667,2025-11-24,2025-12-03
2025-10-28,2026-05-29,1114_生活有品味(影片),,,,,,124,1,0.854701,1.147059,2025-11-24,2025-12-03
2025-10-28,2026-05-29,1028_EP03(影片),,,,,,808,29,2.084831,1.079969,2025-11-24,2025-12-03
2025-10-28,2026-05-29,1028_EP02(影片),,,,,,856,36,1.329394,1.03914,2025-11-24,2025-12-03
2025-10-28,2026-05-29,1114_生活有品味(影片),,,,,,500,13,1.931649,1.237132,2025-11-24,2025-12-03
2025-10-28,2026-05-29,1028_EP03(影片),,,,,,0,0,0,1,2025-11-24,2025-12-03
2025-10-28,2026-05-29,1028_EP02(影片),2,1,1,1364,actions:leadgen.other,1364,74,2.364217,1.109142,2025-11-25,2025-12-04
2025-10-28,2026-05-29,1114_生活有品味(影片),,,,,,3,0,0,1,2025-11-25,2025-12-04
2025-10-28,2026-05-29,1028_EP03(影片),,,1,1521,actions:leadgen.other,1521,55,2.13261,1.127185,2025-11-25,2025-12-04
2025-10-28,2026-05-29,1114_生活有品味(影片),,,,,,20,1,3.225806,1.107143,2025-11-25,2025-12-04
2025-10-28,2026-05-29,1028_EP02(影片),,,,,,1069,53,1.523426,1.066197,2025-11-25,2025-12-04
2025-10-28,2026-05-29,1028_EP02(影片),1,1,11,696,actions:leadgen.other,7656,392,1.967476,1.326145,2025-11-26,2026-04-24
2025-10-28,2026-05-29,1028_EP03(影片),,,,,,255,6,2.553191,1.119048,2025-11-26,2026-04-24
2025-10-28,2026-05-29,1028_EP02(影片),,,,,,163,14,8.917197,1.068027,2025-11-28,2025-12-07
2025-10-28,2026-05-29,1114_生活有品味(影片),,,,,,219,2,1.136364,1.106918,2025-11-10,進行中
2025-10-28,2026-05-29,1114_生活有品味(影片),,,,,,446,14,1.635514,1.350158,2025-11-13,進行中
2025-10-28,2026-05-29,1114_生活有品味(影片),2,,3,688.66666667,actions:leadgen.other,2066,75,3.168568,2.063644,2025-10-28,進行中
2025-10-28,2026-05-29,1114_生活有品味(影片),,,,,,772,22,2.251791,1.397711,2025-11-10,進行中
2025-10-28,2026-05-29,1114_生活有品味(影片),,,1,322,actions:leadgen.other,322,11,3.072626,1.278571,2025-11-10,進行中
2025-10-28,2026-05-29,1114_生活有品味(影片),,,,,,884,23,1.94421,1.423586,2025-11-06,進行中
2025-10-28,2026-05-29,1114_生活有品味(影片),,,,,,692,34,3.578947,1.637931,2025-11-16,進行中
2025-10-28,2026-05-29,1028_EP03(影片),,,,,,1530,61,2.869238,1.168132,2025-11-16,2025-11-26
2025-10-28,2026-05-29,1114_生活有品味(影片),,,,,,259,8,2.622951,1.349558,2025-11-16,2025-11-26
2025-10-28,2026-05-29,1028_EP02(影片),,,,,,901,108,4.59379,1.048617,2025-11-16,進行中
2025-10-28,2026-05-29,1028_EP03(影片),,,,,,819,30,2.227171,1.040154,2025-11-20,2025-11-30
2025-10-28,2026-05-29,1114_生活有品味(影片),,,,,,21,1,1.724138,1.16,2025-11-20,2025-11-30
2025-10-28,2026-05-29,1028_EP02(影片),,,2,983,actions:leadgen.other,1966,97,1.110729,1.153633,2025-11-20,2025-11-30
2025-10-28,2026-05-29,1028_EP02(影片),1,,1,1328,actions:leadgen.other,1328,75,1.15066,1.083264,2025-11-20,2025-11-30
2025-10-28,2026-05-29,1028_EP03(影片),,,,,,286,6,2.013423,1.11194,2025-11-20,2025-11-30
2025-10-28,2026-05-29,1028_不出門(影片),,,,,,515,10,1.976285,1.338624,2025-11-10,進行中
2025-10-28,2026-05-29,1028_EP03(影片),,,,,,753,21,2.015355,1.102646,2025-11-10,進行中
2025-10-28,2026-05-29,1028_EP02(影片),,,1,1111,actions:leadgen.other,1111,34,1.122853,1.081815,2025-11-10,進行中
2025-10-28,2026-05-29,1028_EP03(影片),,,14,722.42857143,actions:leadgen.other,10114,389,3.036216,1.35462,2025-11-10,進行中
2025-10-28,2026-05-29,1028_EP03(影片),,,,,,738,21,1.735537,1.092058,2025-11-10,進行中
2025-10-28,2026-05-29,1028_EP02(影片),,,10,684.9,actions:leadgen.other,6849,359,1.727706,1.134163,2025-11-10,進行中
2025-10-28,2026-05-29,1028_EP03(影片),,,,,,1714,55,3.271862,1.056568,2025-11-10,進行中
2025-10-28,2026-05-29,1028_不出門(影片),,,,,,281,7,2.147239,1.304,2025-11-10,進行中
2025-10-28,2026-05-29,1028_EP03(影片),,,,,,837,18,1.584507,1.162743,2025-11-10,進行中
2025-10-28,2026-05-29,1028_不出門(影片),,,1,369,actions:leadgen.other,369,11,1.861252,1.417266,2025-11-10,進行中
2025-10-28,2026-05-29,1028_EP02(影片),,,3,1094.66666667,actions:leadgen.other,3284,191,2.590884,1.129116,2025-11-10,進行中
2025-10-28,2026-05-29,1028_EP03(影片),,,4,858.75,actions:leadgen.other,3435,123,2.872489,1.235074,2025-11-10,進行中
2025-10-28,2026-05-29,1028_EP02(影片),,,1,874,actions:leadgen.other,874,35,1.547303,1.022604,2025-11-10,進行中
2025-10-28,2026-05-29,1028_不出門(影片),,,,,,2,1,6.25,1.066667,2025-11-06,進行中
2025-10-28,2026-05-29,1028_EP03(影片),,,,,,673,25,2.095557,1.162768,2025-10-30,進行中
2025-10-28,2026-05-29,1028_不出門(影片),,,,,,59,3,3.448276,1.115385,2025-11-13,進行中
2025-10-28,2026-05-29,1028_EP03(影片),,,,,,428,13,1.937407,1.0387,2025-11-13,進行中
2025-10-28,2026-05-29,1028_EP02(影片),1,,3,776,actions:leadgen.other,2328,170,1.858736,1.117546,2025-11-13,進行中
2025-10-28,2026-05-29,1028_EP02(影片),3,1,4,1037,actions:leadgen.other,4148,254,1.337405,1.251615,2025-11-13,進行中
2025-10-28,2026-05-29,1028_EP03(影片),,,,,,17,1,3.448276,1.035714,2025-11-13,進行中
2025-10-28,2026-05-29,1028_不出門(影片),1,,,,,470,10,1.305483,1.291737,2025-11-13,進行中
2025-10-28,2026-05-29,1114_生活有品味(影片),,,,,,851,22,2.350427,1.325779,2025-10-30,進行中
2025-10-28,2026-05-29,1114_生活有品味(影片),,,,,,41,4,8.510638,1.175,2025-11-13,進行中
2025-10-28,2026-05-29,1114_生活有品味(影片),,,,,,1543,50,2.19106,1.665693,2025-11-08,進行中
2025-10-28,2026-05-29,1028_EP02(影片),,,,,,567,17,1.006513,1.072381,2025-11-04,進行中
2025-10-28,2026-05-29,1028_不出門(影片),,,,,,107,5,2.994012,1.176056,2025-11-05,進行中
2025-10-28,2026-05-29,1028_EP02(影片),,,,,,687,28,1.520087,1.057405,2025-11-05,進行中
2025-10-28,2026-05-29,1028_EP03(影片),,,,,,186,4,1.652893,1.110092,2025-11-05,進行中
2025-10-28,2026-05-29,1028_EP02(影片),,,,,,604,25,1.662234,1.065156,2025-11-05,進行中
2025-10-28,2026-05-29,1028_EP02(影片),,,1,2348,actions:leadgen.other,2348,145,1.937208,1.079775,2025-11-06,進行中
2025-10-28,2026-05-29,1028_EP03(影片),,,4,713,actions:leadgen.other,2852,96,2.731929,1.169774,2025-11-06,進行中
2025-10-28,2026-05-29,1028_不出門(影片),,,1,1482,actions:leadgen.other,1482,41,2.24904,1.614703,2025-10-30,進行中
2025-10-28,2026-05-29,1028_不出門(影片),,,,,,12,0,0,1.090909,2025-11-03,進行中
2025-10-28,2026-05-29,1028_EP03(影片),,,1,935,actions:leadgen.other,935,33,2.282158,1.201995,2025-11-04,進行中
2025-10-28,2026-05-29,1028_不出門(影片),,,,,,6,1,4.166667,1.090909,2025-11-04,進行中
2025-10-28,2026-05-29,1028_EP02(影片),,,,,,969,52,2.235598,1.124215,2025-11-07,進行中
2025-10-28,2026-05-29,1028_EP03(影片),,,1,219,actions:leadgen.other,219,10,3.597122,1.134694,2025-11-07,進行中
2025-10-28,2026-05-29,1028_EP02(影片),,,1,957,actions:leadgen.other,957,44,2.207727,1.071505,2025-11-07,進行中
2025-10-28,2026-05-29,1028_EP03(影片),,,,,,248,8,2.730375,1.089219,2025-11-07,進行中
2025-10-28,2026-05-29,1028_EP03(影片),,,,,,976,26,2.098467,1.08589,2025-11-07,進行中
2025-10-28,2026-05-29,1028_不出門(影片),,,,,,244,7,3.271028,1.371795,2025-11-07,進行中
2025-10-28,2026-05-29,1028_EP03(影片),,,,,,1128,38,2.391441,1.138252,2025-11-07,進行中
2025-10-28,2026-05-29,1028_不出門(影片),,,1,80,actions:leadgen.other,80,3,2.238806,1.207207,2025-11-07,進行中
2025-10-28,2026-05-29,1028_EP02(影片),,,4,925.25,actions:leadgen.other,3701,195,1.423254,1.142131,2025-11-08,進行中
2025-10-28,2026-05-29,1028_EP03(影片),,,2,1205,actions:leadgen.other,2410,100,3.103662,1.161081,2025-11-08,進行中
2025-10-28,2026-05-29,1028_不出門(影片),,,1,148,actions:leadgen.other,148,8,3.305785,1.273684,2025-11-08,進行中
2025-10-28,2026-05-29,1028_不出門(影片),,,,,,104,4,7.54717,1.261905,2025-11-08,進行中
2025-10-28,2026-05-29,1028_EP03(影片),,,,,,48,3,3.225806,1.056818,2025-11-08,進行中
2025-10-28,2026-05-29,1028_EP02(影片),,,,,,355,20,1.99005,1.065748,2025-11-08,進行中
2025-10-28,2026-05-29,1028_EP03(影片),,,1,719,actions:leadgen.other,719,37,3.130288,1.130019,2025-10-30,進行中
2025-10-28,2026-05-29,1028_EP02(影片),,,3,859,actions:leadgen.other,2577,151,1.713184,1.160042,2025-10-30,進行中
2025-10-28,2026-05-29,1028_EP03(影片),,,1,661,actions:leadgen.other,661,15,1.373626,1.138686,2025-10-30,進行中
2025-10-28,2026-05-29,1028_EP02(影片),,,3,939.66666667,actions:leadgen.other,2819,168,2.161328,1.328037,2025-10-30,進行中
2025-10-28,2026-05-29,1028_EP03(影片),,,,,,677,26,2.280702,1.24183,2025-10-30,進行中
2025-10-28,2026-05-29,1028_不出門(影片),,,,,,260,3,1.167315,1.272277,2025-10-30,進行中
2025-10-28,2026-05-29,1028_EP02(影片),3,,1,1701,actions:leadgen.other,1701,78,1.30304,1.095334,2025-10-30,進行中
2025-10-28,2026-05-29,1028_不出門(影片),,,2,665.5,actions:leadgen.other,1331,51,3.146206,1.453812,2025-10-30,進行中
2025-10-28,2026-05-29,1028_EP02(影片),2,,7,747.85714286,actions:leadgen.other,5235,308,2.039465,1.226708,2025-10-30,進行中
2025-10-28,2026-05-29,1028_EP02(影片),,,,,,561,18,1.061321,1.016787,2025-11-01,進行中
2025-10-28,2026-05-29,1028_EP03(影片),,,,,,401,3,0.573614,1.199541,2025-11-01,進行中
2025-10-28,2026-05-29,1028_EP03(影片),,,,,,8,0,0,1.076923,2025-10-30,進行中
2025-10-28,2026-05-29,1028_EP03(影片),1,1,2,1279.5,actions:leadgen.other,2559,128,4.934464,1.61118,2025-10-28,進行中
2025-10-28,2026-05-29,1028_EP02(影片),,,1,858,actions:leadgen.other,858,48,1.791045,1.074148,2025-11-03,進行中
2025-10-28,2026-05-29,1028_EP03(影片),,,,,,126,4,2.222222,1.139241,2025-11-03,進行中
2025-10-28,2026-05-29,1028_EP02(影片),,,,,,839,40,1.347255,1.062634,2025-11-03,進行中
2025-10-28,2026-05-29,1028_EP03(影片),,,1,86,actions:leadgen.other,86,2,1.351351,1.184,2025-11-03,進行中
2025-10-28,2026-05-29,1028_EP02(影片),,,1,1011,actions:leadgen.other,1011,59,1.753864,1.053885,2025-11-03,進行中
2025-10-28,2026-05-29,1028_EP03(影片),,,1,1241,actions:leadgen.other,1241,35,2.160494,1.255814,2025-11-03,進行中
2025-10-28,2026-05-29,1028_EP02(影片),,,,,,558,35,2.122498,1.038413,2025-11-04,進行中
2025-10-28,2026-05-29,1028_EP03(影片),,,1,655,actions:leadgen.other,655,18,2.281369,1.162003,2025-11-04,進行中
2025-10-28,2026-05-29,1028_EP02(影片),,,,,,1019,42,1.620996,1.037645,2025-11-04,進行中
2025-10-28,2026-05-29,1028_EP03(影片),,,,,,54,2,2.020202,1.020619,2025-11-04,進行中
2025-10-28,2026-05-29,1028_不出門(影片),,,,,,131,6,2.941176,1.387755,2025-11-04,進行中
2025-10-28,2026-05-29,1028_EP03(影片)V2,,,,,,357,11,1.532033,1.076462,2025-10-28,進行中
2025-10-28,2026-05-29,1028_EP02(影片),,,,,,595,20,1.082837,1.095492,2025-10-28,進行中
2025-10-28,2026-05-29,1028_不出門(影片),,,,,,48,6,5.940594,1.174419,2025-10-28,進行中
2025-10-28,2026-05-29,1028_EP02(影片),,,,,,914,41,1.406518,1.139562,2025-10-28,進行中
2025-10-28,2026-05-29,1028_EP03(影片),,,,,,673,21,1.352222,1.11406,2025-10-28,進行中
2025-10-28,2026-05-29,1028_不出門(影片),,,,,,339,18,2.346806,1.444444,2025-10-28,進行中
2025-10-28,2026-05-29,1028_不出門(影片),,,,,,148,13,3.631285,1.213559,2025-10-28,進行中
2025-10-28,2026-05-29,1028_EP02(影片),,,5,675.4,actions:leadgen.other,3377,202,2.060804,1.199021,2025-10-28,進行中
2025-10-28,2026-05-29,1028_EP02(影片),,,,,,1461,67,1.617967,1.139202,2025-10-28,進行中
2025-10-28,2026-05-29,1028_EP03(影片),,,2,293.5,actions:leadgen.other,587,20,1.793722,1.156639,2025-10-28,進行中
2025-10-28,2026-05-29,1028_EP03(影片),,,,,,706,14,0.997862,1.117038,2025-10-28,進行中
2025-10-28,2026-05-29,1028_不出門(影片),,,,,,302,10,1.893939,1.242353,2025-10-28,進行中
2025-10-28,2026-05-29,1028_EP03(影片),,,,,,711,24,1.708185,1.107171,2025-10-28,進行中
2025-10-28,2026-05-29,1028_不出門(影片),,,,,,250,17,3.578947,1.202532,2025-10-28,進行中
2025-10-28,2026-05-29,1028_不出門(影片),,,,,,303,11,3.448276,1.318182,2025-10-28,進行中
2025-10-28,2026-05-29,1028_EP02(影片),8,2,28,491.32142857,actions:leadgen.other,13757,736,4.420686,1.618765,2025-10-28,進行中
2025-10-28,2026-05-29,1028_EP02(影片),,,1,1267,actions:leadgen.other,1267,93,2.334923,1.067256,2025-10-30,進行中
2025-10-28,2026-05-29,1028_EP02(影片),,,,,,602,19,1.784038,1.050296,2026-01-07,2026-01-18
2025-10-28,2026-05-29,1222_千坪綠覆(影片)V2,,,,,,107,7,2.372881,1.042403,2026-01-07,2026-01-18
2025-10-28,2026-05-29,1028_EP02(影片),1,,,,,643,27,1.675978,1.070432,2026-01-07,2026-01-18
2025-10-28,2026-05-29,1028_EP03(影片)V2,,,,,,34,1,1.515152,1.015385,2026-01-07,2026-01-18
2025-10-28,2026-05-29,1028_EP03(影片),,,,,,238,9,3.643725,1.037815,2026-01-05,2026-01-16
2025-10-28,2026-05-29,1222_千坪綠覆(影片),,,,,,9,0,0,1.046512,2026-01-05,2026-01-16
2025-10-28,2026-05-29,1222_千坪綠覆(影片),,,,,,67,1,1.282051,1.098592,2026-01-05,2026-01-16
2025-10-28,2026-05-29,1028_EP02(影片),1,,,,,513,26,3.471295,1.09824,2026-01-05,2026-01-16
2025-10-28,2026-05-29,1028_EP03(影片)V2,,,,,,119,6,3.550296,1.049689,2026-01-05,2026-01-16
2025-10-28,2026-05-29,1028_EP03(影片)V2,,,,,,237,3,0.74813,1.126404,2026-01-05,2026-01-16
2025-10-28,2026-05-29,1222_千坪綠覆(影片)V2,,,,,,130,8,3.72093,1.080402,2026-01-05,2026-01-16
2025-10-28,2026-05-29,1222_千坪綠覆(影片)V2,,,,,,136,0,0,1.085366,2026-01-05,2026-01-16
2025-10-28,2026-05-29,1222_千坪綠覆(影片)V2,,,,,,140,4,1.498127,1.1125,2026-01-05,2026-01-16
2025-10-28,2026-05-29,1222_千坪綠覆(影片)V2,,,,,,291,6,1.941748,1.088028,2026-01-05,2026-01-16
2025-10-28,2026-05-29,1028_EP02(影片),,,,,,625,22,1.436969,1.030976,2026-01-07,2026-01-18
2025-10-28,2026-05-29,1028_EP03(影片)V2,,,,,,35,1,1.075269,1.094118,2026-01-07,2026-01-18
2025-10-28,2026-05-29,1028_EP03(影片)V2,,,,,,93,4,2.649007,1.110294,2026-01-07,2026-01-18
2025-10-28,2026-05-29,1222_千坪綠覆(影片)V2,,,,,,672,17,2.068127,1.100402,2026-01-07,2026-01-18
2025-10-28,2026-05-29,1222_千坪綠覆(影片),,,,,,138,11,6.962025,1.082192,2025-12-26,2026-01-08
2025-10-28,2026-05-29,1028_EP02(影片),1,,,,,718,21,1.654846,1.099653,2025-12-26,2026-01-08
2025-10-28,2026-05-29,1028_EP03(影片),,,,,,0,0,0,1,2025-12-29,2026-01-06
2025-10-28,2026-05-29,1222_千坪綠覆(影片),,,1,1401,actions:leadgen.other,1401,72,2.691589,1.151033,2025-12-29,2026-01-06
2025-10-28,2026-05-29,1028_EP03(影片),,,,,,463,22,3.722504,1.117202,2025-12-29,2026-01-11
2025-10-28,2026-05-29,1222_千坪綠覆(影片),,,,,,114,7,4,1.041667,2025-12-29,2026-01-11
2025-10-28,2026-05-29,1222_千坪綠覆(影片),,,,,,74,6,2.777778,1.028571,2025-12-31,2026-01-12
2025-10-28,2026-05-29,1028_EP03(影片),,,,,,496,14,2.464789,1.019749,2025-12-31,2026-01-12
2025-10-28,2026-05-29,1028_EP02(影片),,,1,1272,actions:leadgen.other,1272,70,2.549162,1.210225,2025-12-31,2026-01-21
2025-10-28,2026-05-29,1222_千坪綠覆(影片),,,,,,200,13,3.703704,1.083333,2025-12-31,2026-01-21
2025-10-28,2026-05-29,"1028_EP02(影片) - 複本",,,,,,2,0,0,1,2025-12-31,2026-01-12
2025-10-28,2026-05-29,"1028_EP02(影片) - 複本",,,,,,11,5,7.462687,1.015152,2025-12-29,2026-01-06
2025-10-28,2026-05-29,1222_千坪綠覆(影片),,,,,,186,5,2.702703,1.063218,2026-01-02,2026-01-21
2025-10-28,2026-05-29,1028_EP02(影片),1,,,,,951,48,2.690583,1.132698,2026-01-02,2026-01-21
2025-10-28,2026-05-29,1222_千坪綠覆(影片),,,,,,66,3,3.488372,1.02381,2026-01-05,2026-01-16
2025-10-28,2026-05-29,1028_EP03(影片),,,,,,232,2,0.904977,1.052381,2026-01-05,2026-01-16
2025-10-28,2026-05-29,1222_千坪綠覆(影片),,,,,,49,2,5.714286,1.029412,2026-01-05,2026-01-16
2025-10-28,2026-05-29,1028_EP02(影片),,,,,,451,18,2.219482,1.085676,2026-01-05,2026-01-16
2025-10-28,2026-05-29,1028_EP02(影片),,,,,,155,8,1.52381,1.041667,2025-12-17,2025-12-28
2025-10-28,2026-05-29,1028_EP03(影片),,,,,,234,7,2.422145,1.050909,2025-12-17,2025-12-28
2025-10-28,2026-05-29,1028_EP03(影片),,,,,,245,8,2.711864,1.113208,2025-12-19,2026-01-08
2025-10-28,2026-05-29,1028_EP02(影片),2,,8,452.5,actions:leadgen.other,3620,217,2.629984,1.268799,2025-12-19,2026-01-08
2025-10-28,2026-05-29,1114_生活有品味(影片),,,,,,79,4,5.263158,1.169231,2025-12-19,2026-01-08
2025-10-28,2026-05-29,1028_EP03(影片),,,,,,300,10,2.617801,1.058172,2025-12-19,2025-12-31
2025-10-28,2026-05-29,1114_生活有品味(影片),,,,,,148,2,1.960784,1.243902,2025-12-19,2025-12-31
2025-10-28,2026-05-29,1028_EP02(影片),,,1,1081,actions:leadgen.other,1081,55,2.269913,1.103872,2025-12-19,2025-12-31
2025-10-28,2026-05-29,1028_EP02(影片),,,,,,182,7,1.464435,1.076577,2025-12-22,2026-01-01
2025-10-28,2026-05-29,1028_EP03(影片),,,,,,338,17,4.450262,1.076056,2025-12-22,2026-01-01
2025-10-28,2026-05-29,1222_千坪綠覆(影片),,,,,,424,17,2.119701,1.255086,2025-12-22,2026-01-01
2025-10-28,2026-05-29,1222_千坪綠覆(影片),,,,,,248,3,1.045296,1.059041,2025-12-19,2026-01-08
2025-10-28,2026-05-29,1222_千坪綠覆(影片),,,,,,0,1,33.333333,1,2025-12-19,2025-12-31
2025-10-28,2026-05-29,1222_千坪綠覆(影片),,,,,,603,27,2.391497,1.168737,2025-12-23,2026-01-04
2025-10-28,2026-05-29,1028_EP03(影片),,,,,,309,10,3.367003,1.125,2025-12-23,2026-01-04
2025-10-28,2026-05-29,1028_EP03(影片),,,,,,470,12,2.877698,1.142466,2025-12-26,2026-01-08
2025-10-28,2026-05-29,1222_千坪綠覆(影片),,,,,,294,11,2.517162,1.018648,2025-12-26,2026-01-08
2025-10-28,2026-05-29,1028_EP03(影片),,,,,,189,9,3.370787,1.085366,2025-12-17,2025-12-29
2025-10-28,2026-05-29,1114_生活有品味(影片),,,,,,110,1,1.408451,1.224138,2025-12-17,2025-12-29
2025-10-28,2026-05-29,1028_EP02(影片),,,2,809.5,actions:leadgen.other,1619,74,1.783133,1.085819,2025-12-17,2025-12-29
2025-10-28,2026-05-29,1028_EP02(影片),,,,,,239,10,1.324503,1.01071,2025-12-17,2025-12-28
2025-10-28,2026-05-29,1028_EP03(影片),,,,,,152,4,1.99005,1.015152,2025-12-17,2025-12-28
2025-10-28,2026-05-29,0402_旗艦公設(影片),,,,,,375,7,1.590909,1.437909,2026-04-10,進行中
2025-10-28,2026-05-29,1028_EP02(影片),,,,,,50,3,5.555556,1.125,2026-04-13,進行中
2025-10-28,2026-05-29,0121_簡短版介紹(影片),,,,,,9,0,0,1,2026-04-13,進行中
2025-10-28,2026-05-29,0402_旗艦公設(影片),,,,,,0,0,0,1,2026-04-13,進行中
2025-10-28,2026-05-29,1028_EP02(影片),,,,,,10,0,0,1,2026-04-08,進行中
2025-10-28,2026-05-29,1028_EP03片段1(影片),,,,,,452,14,1.869159,1.250417,2026-04-08,進行中
2025-10-28,2026-05-29,0402_旗艦公設(影片),,,,,,196,10,4.950495,1.383562,2026-04-08,進行中
2025-10-28,2026-05-29,0402_旗艦公設(影片),,,,,,292,9,2.980132,1.193676,2026-04-10,進行中
2025-10-28,2026-05-29,1028_EP03片段1(影片),,,,,,354,3,0.78534,1.190031,2026-04-10,進行中
2025-10-28,2026-05-29,0320_EP02片段2(影片),,,,,,197,4,1.913876,1.088542,2026-04-10,進行中
2025-10-28,2026-05-29,0121_簡短版介紹(影片),,,,,,215,6,1.769912,1.30888,2026-04-10,進行中
2025-10-28,2026-05-29,0402_旗艦公設(影片),,,,,,112,6,3.108808,1.378571,2026-04-10,進行中
2025-10-28,2026-05-29,1028_EP02(影片),,,,,,228,8,1.181684,1.099026,2026-04-10,進行中
2025-10-28,2026-05-29,1028_EP03片段1(影片),,,,,,412,12,2.006689,1.158915,2026-04-10,進行中
2025-10-28,2026-05-29,1028_EP03(影片)V2,,,1,398,actions:leadgen.other,398,13,2.826087,1.493506,2026-04-10,進行中
2025-10-28,2026-05-29,1028_EP02(影片),,,,,,1,0,0,1,2026-04-10,進行中
2025-10-28,2026-05-29,0320_EP02片段2(影片),,,,,,203,4,2.469136,1.173913,2026-04-10,進行中
2025-10-28,2026-05-29,0402_旗艦公設(影片),,,,,,309,6,1.327434,1.43038,2026-04-10,進行中
2025-10-28,2026-05-29,1028_EP03片段1(影片),,,,,,583,21,3.139013,1.220803,2026-04-10,進行中
2025-10-28,2026-05-29,0320_EP02片段2(影片),,,,,,4,0,0,1,2026-04-10,進行中
2025-10-28,2026-05-29,1028_EP02(影片),,,1,752,actions:leadgen.other,752,25,1.363141,1.137717,2026-04-10,進行中
2025-10-28,2026-05-29,1028_EP03片段1(影片),,,,,,422,9,1.143583,1.185241,2026-04-01,進行中
2025-10-28,2026-05-29,1028_EP02(影片),,,,,,470,16,1.366354,1.114177,2026-04-01,進行中
2025-10-28,2026-05-29,0121_簡短版介紹(影片),,,,,,524,13,2.443609,1.251765,2026-04-01,進行中
2025-10-28,2026-05-29,0402_旗艦公設(影片),,,,,,144,3,3.157895,1.117647,2026-03-26,進行中
2025-10-28,2026-05-29,0402_旗艦公設(影片),,,,,,309,8,2.01005,1.396491,2026-03-24,進行中
2025-10-28,2026-05-29,0402_旗艦公設(影片),,,1,849,actions:leadgen.other,849,27,2.523364,1.693038,2026-03-23,進行中
2025-10-28,2026-05-29,0402_旗艦公設(影片),1,,,,,649,15,1.764706,1.419032,2026-03-18,進行中
2025-10-28,2026-05-29,0402_旗艦公設(影片),,,,,,373,10,1.48368,1.504464,2026-04-01,進行中
2025-10-28,2026-05-29,0402_旗艦公設(影片),,,,,,437,15,2.862595,1.541176,2026-04-01,進行中
2025-10-28,2026-05-29,0320_EP02片段2(影片),,,,,,261,3,1.428571,1.160221,2026-02-02,2026-04-18
2025-10-28,2026-05-29,1028_EP03片段1(影片),,,1,1028,actions:leadgen.other,1028,30,2.222222,1.252319,2026-02-02,2026-04-18
2025-10-28,2026-05-29,0402_旗艦公設(影片),,,,,,2,1,4,1.041667,2026-02-02,2026-04-18
2025-10-28,2026-05-29,0402_旗艦公設(影片),,,,,,724,21,1.878354,1.334129,2026-02-13,進行中
2025-10-28,2026-05-29,0320_EP02片段2(影片),,,,,,23,1,2.173913,1.095238,2026-02-13,進行中
2025-10-28,2026-05-29,1028_EP03片段1(影片),,,,,,322,13,3.439153,1.067797,2026-02-13,進行中
2025-10-28,2026-05-29,0402_旗艦公設(影片),,,,,,135,6,3.468208,1.491379,2026-04-08,進行中
2025-10-28,2026-05-29,1028_EP02(影片),,,,,,572,11,1.074219,1.065557,2026-04-08,進行中
2025-10-28,2026-05-29,1028_EP03片段1(影片),,,1,930,actions:leadgen.other,930,20,1.319261,1.194641,2026-03-24,進行中
2025-10-28,2026-05-29,1028_EP02(影片),,,1,645,actions:leadgen.other,645,17,1.365462,1.057774,2026-03-26,進行中
2025-10-28,2026-05-29,1028_EP03片段1(影片),,,5,671.8,actions:leadgen.other,3359,121,1.904013,1.39364,2026-03-26,進行中
2025-10-28,2026-05-29,0121_簡短版介紹(影片),,,1,369,actions:leadgen.other,369,32,3.747073,1.561243,2026-03-26,進行中
2025-10-28,2026-05-29,1028_EP02(影片),,,,,,656,20,1.091703,1.128774,2026-03-26,進行中
2025-10-28,2026-05-29,1028_EP03片段1(影片),,,,,,417,8,1.171303,1.123355,2026-03-26,進行中
2025-10-28,2026-05-29,0320_EP02片段2(影片),,,,,,85,0,0,1.327273,2026-03-26,進行中
2025-10-28,2026-05-29,0121_簡短版介紹(影片),,,,,,464,18,2.073733,1.299401,2026-03-27,進行中
2025-10-28,2026-05-29,1028_EP03片段1(影片),,,,,,428,19,2.339901,1.143662,2026-03-27,進行中
2025-10-28,2026-05-29,0320_EP02片段2(影片),,,,,,321,7,2.173913,1.238462,2026-03-27,進行中
2025-10-28,2026-05-29,1028_EP03(影片)V2,,,,,,270,10,2.304147,1.098734,2026-03-27,進行中
2025-10-28,2026-05-29,1028_EP02(影片),,,,,,6,0,0,1,2026-03-27,進行中
2025-10-28,2026-05-29,1028_EP03片段1(影片),,,,,,349,23,2.652826,1.127438,2026-03-27,進行中
2025-10-28,2026-05-29,0320_EP02片段2(影片),,,,,,615,30,2.349256,1.27318,2026-03-27,進行中
2025-10-28,2026-05-29,0121_簡短版介紹(影片),,,,,,557,35,2.470007,1.424121,2026-03-27,進行中
2025-10-28,2026-05-29,0320_EP02片段2(影片),,,,,,114,1,0.787402,1.144144,2026-04-01,進行中
2025-10-28,2026-05-29,0121_簡短版介紹(影片),,,,,,550,19,3.059581,1.171698,2026-04-01,進行中
2025-10-28,2026-05-29,1028_EP03片段1(影片),,,,,,690,20,1.67364,1.195,2026-04-01,進行中
2025-10-28,2026-05-29,0320_EP02片段2(影片),,,,,,494,13,1.773533,1.347426,2026-03-18,進行中
2025-10-28,2026-05-29,0320_EP02片段2(影片),,,,,,196,3,0.952381,1.166667,2026-03-20,進行中
2025-10-28,2026-05-29,0121_簡短版介紹(影片),,,,,,75,0,0,1.164706,2026-03-20,進行中
2025-10-28,2026-05-29,1028_EP03片段1(影片),,,,,,636,28,2.504472,1.12249,2026-03-20,進行中
2025-10-28,2026-05-29,0320_EP02片段2(影片),,,1,666,actions:leadgen.other,666,28,3.966006,1.440816,2026-03-18,進行中
2025-10-28,2026-05-29,0320_EP02片段2(影片),,,,,,494,7,1.286765,1.346535,2026-03-23,進行中
2025-10-28,2026-05-29,1028_EP03片段1(影片),,,,,,876,27,1.305609,1.184422,2026-03-23,進行中
2025-10-28,2026-05-29,1028_EP02(影片),,,1,966,actions:leadgen.other,966,27,0.87577,1.211871,2026-03-23,進行中
2025-10-28,2026-05-29,0121_簡短版介紹(影片),,,1,982,actions:leadgen.other,982,32,1.623541,1.57554,2026-03-23,進行中
2025-10-28,2026-05-29,1028_EP03(影片)V2,,,,,,595,22,3.211679,1.383838,2026-03-23,進行中
2025-10-28,2026-05-29,1028_EP03(影片)V2,,,,,,461,21,3.387097,1.405896,2026-03-23,進行中
2025-10-28,2026-05-29,1028_EP03片段1(影片),,,,,,441,6,0.849858,1.094574,2026-03-23,進行中
2025-10-28,2026-05-29,0320_EP02片段2(影片),,,,,,46,1,0.892857,1.166667,2026-03-23,進行中
2025-10-28,2026-05-29,0121_簡短版介紹(影片),,,,,,421,14,2.0558,1.192644,2026-03-24,進行中
2025-10-28,2026-05-29,0320_EP02片段2(影片),,,,,,189,4,1.333333,1.153846,2026-03-24,進行中
2025-10-28,2026-05-29,1028_EP03片段1(影片),,,,,,367,17,2.048193,1.218796,2026-03-24,進行中
2025-10-28,2026-05-29,1028_EP02(影片),,,5,570,actions:leadgen.other,2850,82,1.233454,1.275273,2026-03-24,進行中
2025-10-28,2026-05-29,0320_EP02片段2(影片),,,,,,213,3,1.006711,1.373272,2026-03-24,進行中
2025-10-28,2026-05-29,0121_簡短版介紹(影片),,,1,801,actions:leadgen.other,801,34,1.622137,1.527697,2026-03-24,進行中
2025-10-28,2026-05-29,1028_EP02片段1(影片),,,,,,8,1,5.555556,1.058824,2026-03-18,進行中
2025-10-28,2026-05-29,1028_EP03(影片)V2,,,,,,0,1,20,1,2026-03-18,進行中
2025-10-28,2026-05-29,0121_簡短版介紹(影片),,,,,,584,23,2.075812,1.39899,2026-03-18,進行中
2025-10-28,2026-05-29,1028_EP03(影片)V2,,,,,,208,9,4.812834,1.183544,2026-03-18,進行中
2025-10-28,2026-05-29,1028_EP03片段1(影片),,,,,,562,24,1.829268,1.174575,2026-03-18,進行中
2025-10-28,2026-05-29,0121_簡短版介紹(影片),,,1,684,actions:leadgen.other,684,26,2.722513,1.237047,2026-03-18,進行中
2025-10-28,2026-05-29,1028_EP02片段1(影片),,,,,,124,2,0.995025,1.196429,2026-03-18,進行中
2025-10-28,2026-05-29,1028_EP03片段1(影片),,,,,,826,29,1.767215,1.257471,2026-03-18,進行中
2025-10-28,2026-05-29,1028_EP02片段1(影片),,,,,,0,0,0,1,2026-03-18,進行中
2025-10-28,2026-05-29,1028_EP03(影片)V2,,,,,,372,12,2.101576,1.230603,2026-03-18,進行中
2025-10-28,2026-05-29,0121_簡短版介紹(影片),,,,,,162,9,2.331606,1.257329,2026-03-18,進行中
2025-10-28,2026-05-29,1028_EP03片段1(影片),,,,,,234,6,1.459854,1.032663,2026-03-20,進行中
2025-10-28,2026-05-29,0121_簡短版介紹(影片),,,2,765.5,actions:leadgen.other,1531,75,2.42797,1.538347,2026-03-20,進行中
2025-10-28,2026-05-29,0320_EP02片段2(影片),,,,,,425,11,1.42487,1.421731,2026-03-20,進行中
2025-10-28,2026-05-29,0320_EP02片段2(影片),,,,,,318,4,0.997506,1.193452,2026-03-18,進行中
2025-10-28,2026-05-29,0320_EP02片段2(影片),,,,,,155,4,2.484472,1.288,2026-03-18,進行中
2025-10-28,2026-05-29,1028_EP03片段1(影片),,,3,670.66666667,actions:leadgen.other,2012,73,1.594235,1.449968,2026-03-11,進行中
2025-10-28,2026-05-29,1028_EP03片段1(影片),,,1,874,actions:leadgen.other,874,31,1.621339,1.331476,2026-03-12,進行中
2025-10-28,2026-05-29,0121_簡短版介紹(影片),,,,,,7,2,6.666667,1.111111,2026-03-12,進行中
2025-10-28,2026-05-29,1028_EP02片段1(影片),,,,,,588,11,1.164021,1.521739,2026-03-12,進行中
2025-10-28,2026-05-29,1028_EP03(影片)V2,,,,,,317,10,2.638522,1.173375,2026-03-12,進行中
2025-10-28,2026-05-29,1028_EP03片段1(影片),,,,,,666,19,1.494886,1.114912,2026-03-04,進行中
2025-10-28,2026-05-29,1028_EP03片段1(影片),,,,,,599,16,1.386482,1.130264,2026-03-16,進行中
2025-10-28,2026-05-29,1028_EP02片段1(影片),,,,,,204,12,3.183024,1.3,2026-03-16,進行中
2025-10-28,2026-05-29,0121_簡短版介紹(影片),,,,,,13,0,0,1.055556,2026-03-16,進行中
2025-10-28,2026-05-29,1028_EP03片段1(影片),,,1,1083,actions:leadgen.other,1083,53,2.171241,1.132189,2026-03-18,進行中
2025-10-28,2026-05-29,1028_EP02(影片),,,6,594.16666667,actions:leadgen.other,3565,129,1.581658,1.385896,2026-03-18,進行中
2025-10-28,2026-05-29,1028_EP02片段1(影片),,,,,,331,10,1.897533,1.155702,2026-03-18,進行中
2025-10-28,2026-05-29,0121_簡短版介紹(影片),,,1,720,actions:leadgen.other,720,38,3.417266,1.266515,2026-03-18,進行中
2025-10-28,2026-05-29,1028_EP03片段1(影片),,,1,801,actions:leadgen.other,801,18,1.03211,1.168118,2026-03-18,進行中
2025-10-28,2026-05-29,1028_EP03(影片)V2,,,,,,359,14,2.491103,1.170833,2026-03-09,進行中
2025-10-28,2026-05-29,1028_EP02(影片),,,,,,25,1,2.702703,1,2026-03-09,進行中
2025-10-28,2026-05-29,1222_千坪綠覆(影片)V2,,,,,,296,20,3.17965,1.286299,2026-03-09,進行中
2025-10-28,2026-05-29,0121_簡短版介紹(影片),,,,,,60,0,0,1,2026-03-09,進行中
2025-10-28,2026-05-29,0121_簡短版介紹(影片),,,,,,244,12,3.809524,1.145455,2026-03-09,進行中
2025-10-28,2026-05-29,1028_EP02(影片),,,,,,266,11,1.07949,1.084043,2026-03-09,進行中
2025-10-28,2026-05-29,1028_EP03(影片)V2,,,,,,361,10,1.582278,1.373913,2026-03-09,進行中
2025-10-28,2026-05-29,1222_千坪綠覆(影片)V2,,,,,,56,4,3.478261,1.055046,2026-03-09,進行中
2025-10-28,2026-05-29,0121_簡短版介紹(影片),,,,,,26,0,0,1,2026-03-09,進行中
2025-10-28,2026-05-29,1222_千坪綠覆(影片)V2,,,,,,0,0,0,1,2026-03-09,進行中
2025-10-28,2026-05-29,1028_EP02(影片),,,,,,373,11,1.5625,1.159802,2026-03-09,進行中
2025-10-28,2026-05-29,1028_EP03(影片)V2,,,,,,301,17,2.091021,1.912941,2026-03-09,進行中
2025-10-28,2026-05-29,0121_簡短版介紹(影片),,,,,,41,4,5,1.052632,2026-03-11,進行中
2025-10-28,2026-05-29,1028_EP03(影片)V2,,,,,,2,2,15.384615,1.083333,2026-03-11,進行中
2025-10-28,2026-05-29,1028_EP02片段1(影片),,,,,,638,25,1.933488,1.596296,2026-03-11,進行中
2025-10-28,2026-05-29,1028_EP03片段1(影片),,,1,787,actions:leadgen.other,787,22,1.27907,1.351139,2026-03-11,進行中
2025-10-28,2026-05-29,1028_EP02片段1(影片),,,,,,455,18,2.115159,1.309231,2026-03-04,進行中
2025-10-28,2026-05-29,1028_EP03片段1(影片),1,,2,789,actions:leadgen.other,1578,58,1.466127,1.302601,2026-03-04,進行中
2025-10-28,2026-05-29,1028_EP02片段1(影片),,,,,,95,1,1.408451,1.109375,2026-03-11,進行中
2025-10-28,2026-05-29,0121_簡短版介紹(影片),,,,,,2,0,0,1,2026-02-13,進行中
2025-10-28,2026-05-29,0121_簡短版介紹(影片),,,,,,647,23,2.575588,1.263083,2026-02-13,進行中
2025-10-28,2026-05-29,1028_EP03(影片)V2,,,,,,404,19,1.731996,1.051774,2026-02-13,進行中
2025-10-28,2026-05-29,1028_EP02(影片),,,,,,502,19,1.350391,1.083141,2026-02-13,進行中
2025-10-28,2026-05-29,1222_千坪綠覆(影片)V2,,,,,,400,20,2.962963,1.134454,2026-02-13,進行中
2025-10-28,2026-05-29,1028_EP02(影片),,,1,914,actions:leadgen.other,914,40,1.077006,1.116657,2026-02-13,進行中
2025-10-28,2026-05-29,0121_簡短版介紹(影片),,,,,,250,5,1.552795,1.262745,2026-02-13,進行中
2025-10-28,2026-05-29,1028_EP03(影片)V2,,,,,,714,30,2.188184,1.192174,2026-02-13,進行中
2025-10-28,2026-05-29,0121_簡短版介紹(影片),1,,5,530.6,actions:leadgen.other,2653,128,2.78503,1.545913,2026-03-04,進行中
2025-10-28,2026-05-29,1028_EP03(影片)V2,,,,,,603,19,1.696429,1.122244,2026-03-04,進行中
2025-10-28,2026-05-29,1028_EP02(影片),,,,,,398,12,0.960769,1.054899,2026-03-04,進行中
2025-10-28,2026-05-29,0121_簡短版介紹(影片),,,,,,342,19,3.703704,1.184758,2026-03-04,進行中
2025-10-28,2026-05-29,1028_EP02(影片),,,3,679.66666667,actions:leadgen.other,2039,81,1.142938,1.240287,2026-03-04,進行中
2025-10-28,2026-05-29,1028_EP03(影片)V2,,,,,,299,17,2.76873,1.143389,2026-03-04,進行中
2025-10-28,2026-05-29,1222_千坪綠覆(影片)V2,,,,,,0,0,0,1,2026-03-04,進行中
2025-10-28,2026-05-29,1028_EP03(影片)V2,,,,,,798,30,2.382844,1.183271,2026-03-06,進行中
2025-10-28,2026-05-29,0121_簡短版介紹(影片),,,,,,90,3,1.456311,1.197674,2026-03-06,進行中
2025-10-28,2026-05-29,0121_簡短版介紹(影片),,,,,,107,4,2.094241,1.130178,2026-03-06,進行中
2025-10-28,2026-05-29,1028_EP03(影片)V2,,,,,,779,38,3.114754,1.200787,2026-03-06,進行中
2025-10-28,2026-05-29,1028_EP02(影片),,,1,1581,actions:leadgen.other,1581,57,0.952859,1.128466,2026-02-12,進行中
2025-10-28,2026-05-29,0121_簡短版介紹(影片),,,,,,624,10,0.954198,1.300248,2026-02-12,進行中
2025-10-28,2026-05-29,1028_EP03(影片)V2,,,1,1747,actions:leadgen.other,1747,82,2.239214,1.308792,2026-02-12,進行中
2025-10-28,2026-05-29,0121_簡短版介紹(影片),,,,,,783,38,3.193277,1.26193,2026-02-12,進行中
2025-10-28,2026-05-29,1028_EP02(影片),,,,,,477,31,0.800827,1.070816,2026-02-12,進行中
2025-10-28,2026-05-29,1028_EP03(影片)V2,,,2,769,actions:leadgen.other,1538,70,3.089144,1.230185,2026-02-12,進行中
2025-10-28,2026-05-29,0121_簡短版介紹(影片),,1,2,1088.5,actions:leadgen.other,2177,124,2.970771,1.468684,2026-02-12,進行中
2025-10-28,2026-05-29,1222_千坪綠覆(影片)V2,,,,,,1098,52,3.080569,1.197163,2026-02-12,進行中
2025-10-28,2026-05-29,1028_EP02(影片),,,,,,436,13,1.172227,1.128179,2026-02-12,進行中
2025-10-28,2026-05-29,1028_EP03(影片)V2,,,2,919.5,actions:leadgen.other,1839,93,1.779564,1.102764,2026-02-12,進行中
2025-10-28,2026-05-29,1222_千坪綠覆(影片)V2,,,,,,233,17,3.462322,1.14186,2026-02-12,進行中
2025-10-28,2026-05-29,1028_EP02(影片),,,,,,0,0,0,1,2026-02-12,進行中
2025-10-28,2026-05-29,1028_EP03(影片)V2,,,,,,814,21,1.040119,1.113624,2026-02-13,進行中
2025-10-28,2026-05-29,1028_EP02(影片),1,1,8,586.25,actions:leadgen.other,4690,214,1.321395,1.280946,2026-02-13,進行中
2025-10-28,2026-05-29,0121_簡短版介紹(影片),,,,,,824,39,2.777778,1.288073,2026-02-13,進行中
2025-10-28,2026-05-29,1028_EP03(影片)V2,,,,,,220,3,1.030928,1.085821,2026-02-13,進行中
2025-10-28,2026-05-29,1028_EP02(影片),,,,,,787,28,0.9908,1.1065,2026-02-13,進行中
2025-10-28,2026-05-29,0121_簡短版介紹(影片),,,,,,305,13,2.691511,1.352941,2026-02-13,進行中
2025-10-28,2026-05-29,1028_EP03(影片)V2,,,,,,848,21,1.200686,1.116146,2026-02-13,進行中
2025-10-28,2026-05-29,1028_EP02(影片),,,,,,370,10,0.825083,1.076377,2026-02-13,進行中
2025-10-28,2026-05-29,1028_EP03(影片)V2,,,1,654,actions:leadgen.other,654,20,2.111932,1.130072,2026-02-06,2026-02-17
2025-10-28,2026-05-29,0121_簡短版介紹(影片),,,,,,515,35,4.31566,1.228788,2026-02-06,2026-02-17
2025-10-28,2026-05-29,1028_EP02(影片),,,1,926,actions:leadgen.other,926,34,1.321415,1.120645,2026-02-06,2026-02-17
2025-10-28,2026-05-29,1222_千坪綠覆(影片)V2,,,,,,107,5,3.10559,1.03871,2026-02-06,2026-02-17
2025-10-28,2026-05-29,1028_EP02(影片),,,,,,84,2,1.587302,1.02439,2026-02-06,2026-02-17
2025-10-28,2026-05-29,1028_EP03(影片)V2,,,,,,560,12,2.494802,1.129108,2026-02-06,2026-02-17
2025-10-28,2026-05-29,1222_千坪綠覆(影片)V2,,,,,,390,11,2.941176,1.106509,2026-02-06,2026-02-17
2025-10-28,2026-05-29,0121_簡短版介紹(影片),,,,,,360,20,5.249344,1.130564,2026-02-09,2026-02-20
2025-10-28,2026-05-29,1028_EP02(影片),,,1,885,actions:leadgen.other,885,37,1.792636,1.188256,2026-02-09,2026-02-20
2025-10-28,2026-05-29,1028_EP03(影片)V2,,,,,,193,6,2,1.041667,2026-02-09,2026-02-20
2025-10-28,2026-05-29,1028_EP02(影片),,,,,,27,0,0,1,2026-02-09,2026-02-20
2025-10-28,2026-05-29,0121_簡短版介紹(影片),,,1,646,actions:leadgen.other,646,36,2.827965,1.146847,2026-02-09,2026-02-20
2025-10-28,2026-05-29,1028_EP03(影片)V2,,,,,,696,37,2.950558,1.101933,2026-02-09,2026-02-20
2025-10-28,2026-05-29,1028_EP02(影片),,,1,1413,actions:leadgen.other,1413,55,1.072543,1.184843,2026-02-12,進行中
2025-10-28,2026-05-29,1028_EP03(影片)V2,,,1,868,actions:leadgen.other,868,34,2.399435,1.156735,2026-02-12,進行中
2025-10-28,2026-05-29,0121_簡短版介紹(影片),,,,,,117,4,2.116402,1.092486,2026-02-12,進行中
2025-10-28,2026-05-29,1222_千坪綠覆(影片)V2,,,,,,841,38,2.87226,1.15748,2026-02-12,進行中
2025-10-28,2026-05-29,0121_簡短版介紹(影片),,,4,585,actions:leadgen.other,2340,102,3.357472,1.572464,2026-02-12,進行中
2025-10-28,2026-05-29,1222_千坪綠覆(影片)V2,1,,3,978.66666667,actions:leadgen.other,2936,180,3.346347,1.295832,2026-02-12,進行中
2025-10-28,2026-05-29,1028_EP03(影片)V2,,,,,,497,18,1.588703,1.112967,2026-02-12,進行中
2025-10-28,2026-05-29,1222_千坪綠覆(影片)V2,,,,,,117,4,3.053435,1.082645,2026-01-22,2026-02-01
2025-10-28,2026-05-29,1028_EP02(影片),,,1,566,actions:leadgen.other,566,19,2.328431,1.142857,2026-02-02,2026-02-13
2025-10-28,2026-05-29,0121_簡短版介紹(影片),,,,,,395,13,2.771855,1.155172,2026-02-02,2026-02-13
2025-10-28,2026-05-29,1222_千坪綠覆(影片)V2,,,,,,323,10,3.236246,1.091873,2026-02-02,2026-04-18
2025-10-28,2026-05-29,0121_簡短版介紹(影片),,,,,,1882,66,2.22597,1.292502,2026-02-02,2026-04-18
2025-10-28,2026-05-29,1028_EP03(影片)V2,,,,,,453,11,2.152642,1.084926,2026-02-02,2026-04-18
2025-10-28,2026-05-29,1028_EP02(影片),,,10,581.9,actions:leadgen.other,5819,254,1.264625,1.324693,2026-02-02,2026-04-18
2025-10-28,2026-05-29,1028_EP02(影片),,,1,594,actions:leadgen.other,594,24,2.018503,1.105019,2026-02-02,2026-02-13
2025-10-28,2026-05-29,1028_EP03(影片)V2,,,,,,366,4,1.253919,1.052805,2026-02-02,2026-02-13
2025-10-28,2026-05-29,0121_簡短版介紹(影片),,,,,,244,7,2.745098,1.094421,2026-02-02,2026-02-13
2025-10-28,2026-05-29,1222_千坪綠覆(影片)V2,,,,,,213,2,2.597403,1.084507,2026-02-02,2026-02-13
2025-10-28,2026-05-29,1028_EP03(影片)V2,,,,,,360,10,1.904762,1.056338,2026-02-02,2026-02-13
2025-10-28,2026-05-29,1028_EP02(影片),1,,3,631.66666667,actions:leadgen.other,1895,61,1.324647,1.2128,2026-02-06,2026-02-17
2025-10-28,2026-05-29,0121_簡短版介紹(影片),,,,,,289,11,2.682927,1.181556,2026-02-06,2026-02-17
2025-10-28,2026-05-29,1028_EP03(影片)V2,1,,,,,714,18,1.853759,1.088565,2026-02-06,2026-02-17
2025-10-28,2026-05-29,1028_EP02(影片),,,,,,105,8,3.174603,1.041322,2026-02-06,2026-02-17
2025-10-28,2026-05-29,0121_簡短版介紹(影片),,,,,,111,11,9.821429,1.258427,2026-02-06,2026-02-17
2025-10-28,2026-05-29,1028_EP03(影片)V2,,,3,382,actions:leadgen.other,1146,44,3.99274,1.191351,2026-01-22,2026-02-01
2025-10-28,2026-05-29,0121_簡短版介紹(影片),,,,,,788,30,3.460208,1.222849,2026-01-22,2026-02-01
2025-10-28,2026-05-29,0121_簡短版介紹(影片),,,,,,1005,20,1.919386,1.365662,2026-01-22,2026-02-01
2025-10-28,2026-05-29,1222_千坪綠覆(影片)V2,,,,,,187,5,6.329114,1.067568,2026-01-22,2026-02-01
2025-10-28,2026-05-29,1028_EP03(影片)V2,,,,,,648,21,4.976303,1.19209,2026-01-26,2026-02-06
2025-10-28,2026-05-29,0121_簡短版介紹(影片),,1,,,,698,10,1.55521,1.314928,2026-01-26,2026-02-06
2025-10-28,2026-05-29,1028_EP02(影片),1,,2,365.5,actions:leadgen.other,731,35,3.100089,1.290286,2026-01-22,2026-02-01
2025-10-28,2026-05-29,1028_EP03(影片)V2,,,2,545,actions:leadgen.other,1090,40,3.777148,1.250295,2026-01-26,2026-02-14
2025-10-28,2026-05-29,0121_簡短版介紹(影片),,,,,,573,15,2.935421,1.249389,2026-01-26,2026-02-14
2025-10-28,2026-05-29,1222_千坪綠覆(影片)V2,,,,,,743,8,1.709402,1.098592,2026-01-26,2026-02-14
2025-10-28,2026-05-29,1028_EP02(影片),,,2,650,actions:leadgen.other,1300,64,4.169381,1.22506,2026-01-26,2026-02-14
2025-10-28,2026-05-29,1028_EP03(影片)V2,,,3,293.66666667,actions:leadgen.other,881,27,2.925244,1.122871,2026-01-29,2026-02-22
2025-10-28,2026-05-29,1028_EP02(影片),,,1,1670,actions:leadgen.other,1670,49,2.413793,1.13155,2026-01-29,2026-02-22
2025-10-28,2026-05-29,0121_簡短版介紹(影片),,,,,,326,22,5.238095,1.22807,2026-01-29,2026-02-22
2025-10-28,2026-05-29,1222_千坪綠覆(影片)V2,,,1,1380,actions:leadgen.other,1380,50,4.009623,1.118386,2026-01-29,2026-02-22
2025-10-28,2026-05-29,1028_EP03(影片)V2,,,1,872,actions:leadgen.other,872,31,4.61997,1.118333,2026-01-29,2026-02-09
2025-10-28,2026-05-29,1028_EP02(影片),1,,,,,344,15,4.021448,1.116766,2026-01-29,2026-02-09
2025-10-28,2026-05-29,0121_簡短版介紹(影片),,,,,,293,9,2.521008,1.243902,2026-01-29,2026-02-09
2025-10-28,2026-05-29,1222_千坪綠覆(影片)V2,,,,,,857,32,3.69515,1.070457,2026-01-29,2026-02-09
2025-10-28,2026-05-29,1028_EP03(影片)V2,,,,,,333,7,3.703704,1.086207,2026-01-29,2026-02-09
2025-10-28,2026-05-29,1028_EP02(影片),1,,,,,793,25,2.33209,1.183223,2026-01-29,2026-02-09
2025-10-28,2026-05-29,0121_簡短版介紹(影片),,,,,,208,6,2.090592,1.216102,2026-01-29,2026-02-09
2025-10-28,2026-05-29,1222_千坪綠覆(影片)V2,,,,,,141,5,4.62963,1.038462,2026-01-29,2026-02-09
2025-10-28,2026-05-29,0121_簡短版介紹(影片),,,,,,828,19,1.532258,1.364136,2026-01-22,2026-02-01
2025-10-28,2026-05-29,1028_EP03(影片)V2,,,1,576,actions:leadgen.other,576,5,1.369863,1.188925,2026-01-22,2026-02-01
2025-10-28,2026-05-29,0121_簡短版介紹(影片),,,,,,721,19,2.380952,1.306056,2026-01-22,2026-02-01
2025-10-28,2026-05-29,1028_EP03(影片)V2,,,1,822,actions:leadgen.other,822,51,6.234719,1.274143,2026-01-22,2026-02-01
2025-10-28,2026-05-29,0121_簡短版介紹(影片),,,,,,619,10,1.285347,1.178788,2026-01-22,2026-02-01
2025-10-28,2026-05-29,1028_EP03(影片)V2,,,,,,750,40,3.824092,1.224824,2026-01-22,2026-02-01
2025-10-28,2026-05-29,1028_EP03(影片)V2,,,1,948,actions:leadgen.other,948,38,4.26009,1.200538,2026-01-22,2026-02-01
2025-10-28,2026-05-29,0416_旗艦公設第二版(影片),,,,,,291,20,1.91022,1.169832,2026-05-25,進行中
2025-10-28,2026-05-29,0526_成家在太原,,,,,,403,24,2.181818,1.274623,2026-04-15,進行中
2025-10-28,2026-05-29,0526_成家在太原,1,,,,,187,14,2.713178,1.214118,2026-05-25,進行中
2025-10-28,2026-05-29,0526_成家在太原,,,,,,109,6,1.66205,1.128125,2026-05-25,進行中
2025-10-28,2026-05-29,0512_泳池花園宅,,,1,193,actions:leadgen.other,193,6,2.586207,2.12844,2026-05-27,進行中
2025-10-28,2026-05-29,0526_成家在太原,,,,,,341,3,1.244813,2.042373,2026-05-27,進行中
2025-10-28,2026-05-29,0526_成家在太原,,,,,,439,27,3.349876,1.291667,2026-05-27,進行中
2025-10-28,2026-05-29,0512_泳池花園宅,,,,,,70,7,2.904564,1.100457,2026-05-27,進行中
2025-10-28,2026-05-29,0526_成家在太原,1,,,,,151,10,2.65252,1.193038,2026-05-27,進行中
2025-10-28,2026-05-29,0512_泳池花園宅,1,,1,212,actions:leadgen.other,212,22,2.522936,1.229901,2026-05-27,進行中
2025-10-28,2026-05-29,0416_旗艦公設第二版(單圖),,,,,,136,10,2.053388,1.19656,2026-05-13,進行中
2025-10-28,2026-05-29,0416_旗艦公設第二版(影片),,,7,259.57142857,actions:leadgen.other,1817,173,2.99619,1.533599,2026-05-13,進行中
2025-10-28,2026-05-29,0512_泳池花園宅,,,,,,550,41,2.551338,1.304383,2026-04-15,進行中
2025-10-28,2026-05-29,0512_泳池花園宅,,,,,,125,11,2.849741,1.184049,2026-05-13,進行中
2025-10-28,2026-05-29,0512_泳池花園宅,,,,,,461,55,2.411223,1.265114,2026-05-13,進行中
2025-10-28,2026-05-29,0416_旗艦公設第二版(單圖),,,,,,712,45,2.719033,1.465899,2026-04-15,進行中
2025-10-28,2026-05-29,0512_泳池花園宅,,,1,779,actions:leadgen.other,779,66,2.910053,1.418386,2026-05-07,進行中
2025-10-28,2026-05-29,0416_旗艦公設第二版(影片),,,1,917,actions:leadgen.other,917,72,3.104787,1.419217,2026-05-18,進行中
2025-10-28,2026-05-29,0512_泳池花園宅,,,,,,330,22,1.670463,1.289912,2026-05-18,進行中
2025-10-28,2026-05-29,0512_泳池花園宅,,,,,,260,16,1.980198,1.272441,2026-05-20,進行中
2025-10-28,2026-05-29,0416_旗艦公設第二版(影片),,,1,758,actions:leadgen.other,758,66,2.397385,1.425686,2026-05-20,進行中
2025-10-28,2026-05-29,0320_EP02片段2(影片),,,,,,250,10,2.873563,1.191781,2026-05-21,進行中
2025-10-28,2026-05-29,1028_EP03片段1(影片),,,,,,341,15,3.164557,1.179104,2026-05-21,進行中
2025-10-28,2026-05-29,0416_旗艦公設第二版(影片),,,,,,337,31,3.009709,1.18527,2026-05-22,進行中
2025-10-28,2026-05-29,0512_泳池花園宅,,,1,809,actions:leadgen.other,809,113,3.193895,1.393462,2026-05-22,進行中
2025-10-28,2026-05-29,0416_旗艦公設第二版(單圖),,,,,,71,2,1.492537,1.218182,2026-05-21,進行中
2025-10-28,2026-05-29,0512_泳池花園宅,,,,,,489,35,2.721617,1.185253,2026-04-17,進行中
2025-10-28,2026-05-29,0416_旗艦公設第二版(影片),,,,,,240,18,1.950163,1.143742,2026-05-25,進行中
2025-10-28,2026-05-29,0512_泳池花園宅,,,,,,38,2,0.840336,1.127962,2026-05-25,進行中
2025-10-28,2026-05-29,0512_泳池花園宅,,,,,,56,7,2.24359,1.159851,2026-05-25,進行中
2025-10-28,2026-05-29,0416_旗艦公設第二版(影片),,,14,309.35714286,actions:leadgen.other,4331,611,3.358988,2.021785,2026-04-15,進行中
2025-10-28,2026-05-29,0416_旗艦公設第二版(影片),,,,,,614,87,3.33845,1.586123,2026-04-15,進行中
2025-10-28,2026-05-29,0320_EP02片段2(影片),,,9,525.22222222,actions:leadgen.other,4727,142,3.548226,1.863996,2026-04-14,進行中
2025-10-28,2026-05-29,0416_旗艦公設第二版(影片),,,2,1270.5,actions:leadgen.other,2541,105,3.039074,2.08258,2026-04-14,進行中
2025-10-28,2026-05-29,0416_旗艦公設第二版(影片),,,10,508.8,actions:leadgen.other,5088,565,3.095721,2.274835,2026-04-17,進行中
2025-10-28,2026-05-29,0416_旗艦公設第二版(影片),,,8,515.625,actions:leadgen.other,4125,387,2.715218,2.100973,2026-04-17,進行中
2025-10-28,2026-05-29,0416_旗艦公設第二版(影片),,,,,,408,10,2.155172,1.463722,2026-04-27,進行中
2025-10-28,2026-05-29,1028_EP02(影片),,,3,721.33333333,actions:leadgen.other,2164,91,2.45614,1.371207,2026-04-27,進行中
2025-10-28,2026-05-29,0320_EP02片段2(影片),,,,,,343,7,3.783784,1.15625,2026-04-27,進行中
2025-10-28,2026-05-29,0320_EP02片段2(影片),,,,,,507,15,4.010695,1.116418,2026-05-04,進行中
2025-10-28,2026-05-29,0416_旗艦公設第二版(影片),,,1,311,actions:leadgen.other,311,11,2.849741,1.304054,2026-05-04,進行中
2025-10-28,2026-05-29,0416_旗艦公設第二版(影片),,,,,,481,32,2.083333,1.364121,2026-05-04,進行中
2025-10-28,2026-05-29,1028_EP02(影片),,,,,,505,7,1.576577,1.072464,2026-05-04,進行中
2025-10-28,2026-05-29,0416_旗艦公設第二版(影片),1,,2,887,actions:leadgen.other,1774,201,2.808439,1.520824,2026-05-06,進行中
2025-10-28,2026-05-29,0416_旗艦公設第二版(影片),,,1,1586,actions:leadgen.other,1586,129,2.532391,1.372676,2026-05-06,進行中
2025-10-28,2026-05-29,0416_旗艦公設第二版(影片),,,,,,1231,85,2.25524,1.416917,2026-05-07,進行中
2025-10-28,2026-05-29,0416_旗艦公設第二版(影片),,,5,685.8,actions:leadgen.other,3429,322,2.328272,1.6284,2026-05-07,進行中
2025-10-28,2026-05-29,0416_旗艦公設第二版(影片),,,,,,1143,85,2.260037,1.324296,2026-05-11,進行中
2025-10-28,2026-05-29,0416_旗艦公設第二版(單圖),,,,,,79,9,2.068966,1.318182,2026-05-11,進行中
2025-10-28,2026-05-29,0416_旗艦公設第二版(單圖),,,,,,44,2,1.005025,1.317881,2026-05-07,進行中
2025-10-28,2026-05-29,0416_旗艦公設第二版(單圖),,,,,,363,33,2.226721,1.21875,2026-05-06,進行中
2025-10-28,2026-05-29,0416_旗艦公設第二版(單圖),,,,,,406,51,2.76873,1.25648,2026-05-07,進行中
2025-10-28,2026-05-29,0512_泳池花園宅,,,,,,240,17,2.011834,1.302003,2026-05-07,進行中
2025-10-28,2026-05-29,0416_旗艦公設第二版(單圖),,,,,,65,2,0.787402,1.192488,2026-05-13,進行中
2025-10-28,2026-05-29,0416_旗艦公設第二版(影片),,,1,896,actions:leadgen.other,896,68,2.573808,1.363261,2026-05-13,進行中
2025-10-28,2026-05-29,0320_EP02片段2(影片),,,1,557,actions:leadgen.other,557,16,2.739726,1.370892,2026-04-14,進行中
2025-10-28,2026-05-29,1028_EP02(影片),,,1,922,actions:leadgen.other,922,28,1.983003,1.148902,2026-04-14,進行中
2025-10-28,2026-05-29,0416_旗艦公設第二版(影片),1,,2,741.5,actions:leadgen.other,1483,56,3.571429,1.609856,2026-04-14,進行中
2025-10-28,2026-05-29,0416_旗艦公設第二版(影片),,,,,,496,11,2.949062,1.161994,2026-04-14,進行中
2025-10-28,2026-05-29,0320_EP02片段2(影片),,,,,,352,12,2.620087,1.286517,2026-05-25,進行中
2025-10-28,2026-05-29,0416_旗艦公設第二版(單圖),,,,,,97,12,3.409091,1.161716,2026-05-25,進行中
2025-10-28,2026-05-29,1028_EP03片段1(影片),,,,,,209,5,1.572327,1.108014,2026-05-25,進行中
2025-10-28,2026-05-29,1028_EP03片段1(影片),,,,,,209,5,1.519757,1.100334,2026-05-27,進行中
2025-10-28,2026-05-29,0320_EP02片段2(影片),,,,,,304,16,4.95356,1.232824,2026-05-27,進行中
