分析報告開始,分析報告結束,廣告組合名稱,廣告組合投遞,曝光次數,觸及人數,貼文留言數,訊息對話開始次數,潛在顧客,每次成果成本,成果指標,"花費金額 (TWD)",廣告組合預算,廣告組合預算類型,點擊次數（全部）,CTR（全部）,粉絲專頁互動,開始,結束時間
2024-03-16,2026-05-29,32-65/西屯北屯/置產+醫生興趣,inactive,1739,1124,,1,2,385,actions:leadgen.other,770,3000,總經費,95,5.46291,29,2024-03-16,2024-03-25
2024-03-16,2026-05-29,32-65/西屯北屯/自營商/傳產/品酒/高爾夫,inactive,1101,764,,1,1,445,actions:leadgen.other,445,2600,總經費,72,6.53951,23,2024-03-16,2024-03-24
2024-03-16,2026-05-29,澄石+藏富+北屯高總1%(0326二調),inactive,13568,7966,3,,25,260,actions:leadgen.other,6500,6500,總經費,693,5.107606,237,2024-03-17,2024-04-15
2024-03-16,2026-05-29,35-65/西屯水湳/閱讀/喜愛自然/酒類(0406三調),inactive,13059,6596,3,,15,425.26666667,actions:leadgen.other,6379,7300,總經費,702,5.375603,257,2024-03-18,2024-04-15
2024-03-16,2026-05-29,32-65/西屯北屯中科/科技+精品興趣(0326調,inactive,5355,2858,,1,7,396.42857143,actions:leadgen.other,2775,6000,總經費,266,4.96732,76,2024-03-19,2024-04-06
2024-03-16,2026-05-29,"32-60/北屯西屯/ 年輕人興趣/成家/投資(放大北台中",inactive,1314,1016,,,,,,718,3000,總經費,68,5.175038,26,2024-03-19,2024-03-31
2024-03-16,2026-05-29,32-65/西屯北屯/律師/銀行業/教育/外語/成家(0326調),inactive,2107,1446,,,2,545.5,actions:leadgen.other,1091,2300,總經費,90,4.271476,33,2024-03-22,2024-03-31
2024-03-16,2026-05-29,33-65/西屯南屯/注重教育/銀行業/理財顧問(0412二調),inactive,3315,2615,,,,,,1542,1600,總經費,115,3.46908,44,2024-03-26,2024-04-15
2024-03-16,2026-05-29,再行銷,inactive,4239,2903,,,8,250,actions:leadgen.other,2000,2000,總經費,206,4.859637,84,2024-03-27,2024-04-05
2024-03-16,2026-05-29,32-65/西屯南屯/文藝興趣/成家/投資(0405調),inactive,6359,3912,,,5,589.8,actions:leadgen.other,2949,4800,總經費,185,2.909262,77,2024-03-28,2024-04-15
2024-03-16,2026-05-29,32-65/中清74沿線&中科路/科技業/主管/律師/重機/名車,inactive,2683,1706,,,2,491.5,actions:leadgen.other,983,3500,總經費,83,3.093552,32,2024-04-02,2024-04-15
2024-03-16,2026-05-29,32-60/74沿線/投資/工程師/成家/露營/電動車,not_delivering,6967,4683,,1,9,266.66666667,actions:leadgen.other,2400,2400,總經費,255,3.660112,110,2024-04-09,2024-04-15
2024-03-16,2026-05-29,澄石+藏富+北屯高總1%(0417三調),inactive,3613,2090,,,4,430.75,actions:leadgen.other,1723,4600,總經費,202,5.590922,318,2024-04-16,2024-04-25
2024-03-16,2026-05-29,32-60/74沿線/投資/工程師/成家/露營/電動車(0424調),inactive,18001,7797,2,2,25,289.32,actions:leadgen.other,7233,10000,總經費,704,3.910894,1216,2024-04-16,2024-05-15
2024-03-16,2026-05-29,32-65/彰化烏日西屯/投資置產客(調整地點,inactive,3876,2608,,,6,401.33333333,actions:leadgen.other,2408,3800,總經費,134,3.457172,465,2024-04-19,2024-04-28
2024-03-16,2026-05-29,32-65/老台中置產/三師高收入興趣,inactive,1245,907,1,,,,,666,3000,總經費,49,3.935743,101,2024-04-22,2024-05-01
2024-03-16,2026-05-29,30-65/水湳北屯/生技醫學/環境科學/營建業(0509調),inactive,13413,7684,4,1,15,301.46666667,actions:leadgen.other,4522,6000,總經費,416,3.101469,296,2024-04-24,2024-05-15
2024-03-16,2026-05-29,28-60/正北屯+8K/投資置產/雙語教育/高收興趣,not_delivering,16351,8323,,,29,193.10344828,actions:leadgen.other,5600,5600,總經費,607,3.712311,477,2024-04-24,2024-05-15
2024-03-16,2026-05-29,35-65/烏日南屯東區大坑/電商/直銷/浮誇仔(0514二調),inactive,3399,1959,1,,3,871,actions:leadgen.other,2613,2800,總經費,170,5.001471,443,2024-05-06,2024-05-15
2024-03-16,2026-05-29,30-65/水湳北屯/生技醫學/電子工程/商管/大學教授(0514調),not_delivering,2794,1803,,,7,342.85714286,actions:leadgen.other,2400,2400,總經費,147,5.261274,357,2024-05-08,2024-05-15
2024-03-16,2026-05-29,28-60/正北屯+8K/投資置產/雙語教育/高收興趣,inactive,59638,26106,9,7,90,133.75555556,actions:leadgen.other,12038,13300,總經費,1678,2.813642,1589,2024-05-16,2025-09-22
2024-03-16,2026-05-29,30-65/水湳北屯/生技醫學/電子工程/商管/大學教授(0612三調),inactive,30523,13455,9,4,58,209.93103448,actions:leadgen.other,12176,14300,總經費,1122,3.675917,1441,2024-05-16,2025-09-22
2024-03-16,2026-05-29,28-60/正北屯+8K/投資置產/名牌精品/名車(0523調),inactive,9098,6028,,,8,318.75,actions:leadgen.other,2550,9000,總經費,246,2.703891,234,2024-05-20,2024-06-15
2024-03-16,2026-05-29,28-60/正北屯+8K/投資置產/雙語教育/高收興趣(0618調),inactive,14598,10253,11,9,16,229.1875,actions:leadgen.other,3667,4500,總經費,347,2.377038,187,2024-06-17,2024-06-30
2024-03-16,2026-05-29,30-60/豐原后科潭子/投資置產/科技業/名車(0703改),not_delivering,10808,6084,,,26,193.5,actions:leadgen.other,5031,7300,總經費,474,4.38564,653,2024-07-03,2025-09-22
2024-03-16,2026-05-29,30-65/水湳北屯/生技醫學/電子工程/商管/大學教授(0612三調),inactive,23300,12155,9,4,36,222.16666667,actions:leadgen.other,7998,8000,總經費,811,3.480687,355,2024-06-17,2024-07-15
2024-03-16,2026-05-29,30-60/豐原后科/投資置產/科技業/名車,inactive,18377,7005,8,5,14,279.07142857,actions:leadgen.other,3907,8000,總經費,358,1.948087,164,2024-06-20,2024-07-15
2024-03-16,2026-05-29,再行銷,inactive,3175,2368,1,1,5,337.2,actions:leadgen.other,1686,2000,總經費,112,3.527559,42,2024-06-28,2024-07-04
2024-03-16,2026-05-29,30-65/水湳北屯/生技醫學/電子工程/商管/大學教授,inactive,26531,11855,,,45,244.2,actions:leadgen.other,10989,11000,總經費,970,3.6561,408,2024-07-16,2024-08-18
2024-03-16,2026-05-29,30-60/豐原后科潭子/投資置產/科技業/名車(0703改),inactive,15703,7329,1,1,18,329,actions:leadgen.other,5922,8000,總經費,641,4.082023,223,2024-07-16,2024-08-25
2024-03-16,2026-05-29,30-60/豐原潭子大雅/貿易商/科技業/成家(0802調),inactive,6521,4075,,3,6,525.5,actions:leadgen.other,3153,5500,總經費,211,3.2357,81,2024-07-30,2024-08-15
2024-03-16,2026-05-29,28-60/正北屯+8K/投資置產/雙語教育/高收興趣(0807調),inactive,3936,2322,,1,2,800,actions:leadgen.other,1600,4000,總經費,97,2.464431,30,2024-08-05,2024-08-15
2024-03-16,2026-05-29,30-55/中科北屯/追星族興趣(0827三調),inactive,22759,11563,2,,19,429.68421053,actions:leadgen.other,8164,13000,總經費,405,1.779516,177,2024-08-09,2024-09-15
2024-03-16,2026-05-29,35-60/北屯東區/銀行業/雙語教育/理專(0816調),inactive,1990,1297,1,3,,,,1012,3000,總經費,113,5.678392,38,2024-08-15,2024-08-25
2024-03-16,2026-05-29,32-60/中科西屯/科技新貴/遊戲開發/工程師(0827調),inactive,2963,1910,,,,,,1268,3000,總經費,81,2.733716,30,2024-08-15,2024-09-01
2024-03-16,2026-05-29,粉專再行銷,inactive,2286,1142,3,,3,584.66666667,actions:leadgen.other,1754,2100,總經費,121,5.293088,49,2024-08-15,2024-09-26
2024-03-16,2026-05-29,"30-60/豐原潭子北太平/ 傳產興趣(LI",inactive,2166,239,,,2,1135.5,actions:leadgen.other,2271,4000,總經費,73,3.370268,28,2024-08-18,2024-08-31
2024-03-16,2026-05-29,30-60/74沿線/傳產+加工(LI-0821調,inactive,6953,4088,4,3,7,391.71428571,actions:leadgen.other,2742,4900,總經費,182,2.617575,77,2024-08-18,2024-09-01
2024-03-16,2026-05-29,30-60/台中新竹台北/投資顧問/外語/留學(0925三調),inactive,28354,12228,10,4,28,446.42857143,actions:leadgen.other,12500,12500,總經費,1022,3.60443,368,2024-08-26,2024-10-15
2024-03-16,2026-05-29,30-65/台中2000以上+小艾北部1%(1007五調),inactive,14814,7903,3,2,10,732,actions:leadgen.other,7320,8700,總經費,435,2.936412,136,2024-08-28,2024-10-15
2024-03-16,2026-05-29,35-60/中科北屯/外語/親子教育/企業主管,inactive,2902,1980,2,1,2,665.5,actions:leadgen.other,1331,3700,總經費,70,2.41213,46,2024-08-28,2024-09-15
2024-03-16,2026-05-29,35-60/中科北屯/雙語教育/理財/律師/政治議題(0909二調),inactive,8084,4151,2,2,7,581.28571429,actions:leadgen.other,4069,4800,總經費,208,2.572984,81,2024-09-03,2024-09-25
2024-03-16,2026-05-29,32-60/74沿線/投資/高爾夫/名車LILI,inactive,2634,1594,,,1,1510,actions:leadgen.other,1510,3000,總經費,100,3.796507,22,2024-09-06,2024-09-16
2024-03-16,2026-05-29,30-65/台中市區+沙鹿/R&B/股票/精品(0920二調),inactive,7750,4494,2,1,10,342.9,actions:leadgen.other,3429,8000,總經費,180,2.322581,71,2024-09-08,2024-10-15
2024-03-16,2026-05-29,32-60/西屯東海沙鹿/醫師興趣/理財/親子教育,inactive,1366,1110,,,,,,556,1500,總經費,33,2.415813,16,2024-09-11,2024-09-15
2024-03-16,2026-05-29,35-60/中科北屯/串流平台/育兒/量販店/租賃(0920調),inactive,2083,1396,,,1,801,actions:leadgen.other,801,5500,總經費,72,3.456553,32,2024-09-18,2024-10-15
2024-03-16,2026-05-29,30-60/中科潭子/貿易商/科技業/親子教育(1007調),inactive,3238,1984,1,1,7,250.28571429,actions:leadgen.other,1752,2500,總經費,140,4.323657,54,2024-09-25,2024-10-15
2024-03-16,2026-05-29,粉專再行銷V2,inactive,1238,590,,,3,332,actions:leadgen.other,996,1000,總經費,70,5.654281,20,2024-09-25,2024-09-29
2024-03-16,2026-05-29,30-60/北台中/文青興趣/露營/親子教育,not_delivering,5419,3173,,,3,666.66666667,actions:leadgen.other,2000,2000,總經費,205,3.782986,71,2024-10-08,2024-10-15
2024-03-16,2026-05-29,30-60/大坑太平/機械產業/戶外活動興趣,not_delivering,5439,3250,1,,2,999,actions:leadgen.other,1998,2000,總經費,253,4.65159,76,2024-10-08,2024-10-15
2024-03-16,2026-05-29,"202409 景立方 高效速成 名單 廣告組合",not_delivering,1812,1334,,,1,986,actions:leadgen.other,986,1000,總經費,93,5.13245,38,2024-08-16,2024-08-18
2024-03-16,2026-05-29,35-60/中科北屯/雙薪家庭興趣,inactive,4520,2293,,,5,404,actions:leadgen.other,2020,2500,總經費,170,3.761062,73,2024-09-25,2024-10-15
2024-03-16,2026-05-29,30-60/大坑太平/機械產業/戶外活動興趣(1022調),inactive,4164,2318,,,2,878.5,actions:leadgen.other,1757,2000,總經費,175,4.20269,67,2024-10-16,2024-10-25
2024-03-16,2026-05-29,30-60/台中新竹台北/投資顧問/外語/留學(1024五調),inactive,2836,2063,,1,1,1314,actions:leadgen.other,1314,2200,總經費,107,3.77292,34,2024-10-16,2024-10-27
2024-03-16,2026-05-29,30-60/松竹+8/置產興趣/名表/重機(1104四調)-不要北部,not_delivering,6664,3600,,,3,1219.33333333,actions:leadgen.other,3658,5800,總經費,301,4.516807,85,2024-10-18,2024-11-16
2024-03-16,2026-05-29,"30-60/ 中科西屯南屯/工程師/科技業",inactive,2808,1861,,,1,1454,actions:leadgen.other,1454,1500,總經費,65,2.314815,21,2024-10-24,2024-10-28
2024-03-16,2026-05-29,30-60/西屯南屯/餐廳/廚師興趣(1104二調),inactive,6467,3982,1,,6,550.33333333,actions:leadgen.other,3302,4700,總經費,237,3.66476,93,2024-10-25,2024-11-15
2024-03-16,2026-05-29,30-65/水湳北屯/生技醫學/電子工程/商管/大學教授,inactive,2332,1211,,,,,,1500,6000,總經費,64,2.744425,20,2024-10-25,2024-11-15
2024-03-16,2026-05-29,26-60/太原車站/圖書館/傳產/自由業/教育,inactive,3868,2062,,,2,940,actions:leadgen.other,1880,4400,總經費,105,2.714581,29,2024-10-25,2024-11-15
2024-03-16,2026-05-29,30-60/北屯/自然科學/醫生/傳產/新婚/親子教育(1104二調),inactive,2652,1753,,,1,1432,actions:leadgen.other,1432,2900,總經費,120,4.524887,36,2024-10-28,2024-11-15
2024-03-16,2026-05-29,30-60/北屯/職業婦女興趣(1101調),inactive,2419,1532,1,,2,802.5,actions:leadgen.other,1605,2900,總經費,112,4.630012,36,2024-10-28,2024-11-15
2024-03-16,2026-05-29,30-60/西屯南屯/精算師興趣,not_delivering,840,616,,,,,,433,2500,總經費,19,2.261905,7,2024-11-05,2024-11-16
2024-03-16,2026-05-29,30-60/北屯/傳產/新婚/親子教育/寵物,not_delivering,616,480,,,,,,446,2500,總經費,34,5.519481,12,2024-11-05,2024-11-16
2024-03-16,2026-05-29,"35-55 / 八期南區烏日 / 律師醫生",not_delivering,290,241,,,,,,310,2500,總經費,14,4.827586,2,2024-11-06,2024-11-16
2024-03-16,2026-05-29,"27-55/北屯潭子/ 年輕人興趣(0217三調)-1510",active,104385,29537,33,14,104,202.49038462,actions:leadgen.other,21059,21300,總經費,5170,4.952819,1316,2024-11-12,2026-05-31
2024-03-16,2026-05-29,"30-60/ 中科西屯南屯/工程師/科技業-1510",inactive,9315,5026,,,7,315.57142857,actions:leadgen.other,2209,400,每日,390,4.186795,95,2025-01-02,進行中
2024-03-16,2026-05-29,28-55/北屯/新婚/小型企業主/親子/幼兒教育/數位行銷-1510,inactive,26132,10575,2,3,21,289.61904762,actions:leadgen.other,6082,150,每日,1355,5.185214,384,2025-01-02,進行中
2024-03-16,2026-05-29,30-65/豐原后里潭子/製造業/科技業/自營商/露營-1510,active,15992,6774,12,3,16,314.5,actions:leadgen.other,5032,5300,總經費,1090,6.815908,353,2025-02-18,2026-05-31
2024-03-16,2026-05-29,30-55/北屯/教師/公務員/醫療人員,inactive,1787,1079,1,,,,,935,250,每日,36,2.01455,7,2025-04-17,進行中
2024-03-16,2026-05-29,35-60/七期南屯/科技業主管/企業中高層/自營業者-1510,inactive,2006,1184,1,,1,1001,actions:leadgen.other,1001,250,每日,61,3.040877,20,2025-04-17,進行中
2024-03-16,2026-05-29,40-65+/南屯北屯北區/公教退休人員/中小企業主-1510,inactive,1681,917,1,,1,970,actions:leadgen.other,970,250,每日,70,4.164188,15,2025-04-17,進行中
2024-03-16,2026-05-29,"28-55/西屯南屯北屯/ IT人員-1510",inactive,6783,4382,1,,6,392.66666667,actions:leadgen.other,2356,300,每日,260,3.833112,85,2025-09-17,進行中
2024-03-16,2026-05-29,30-65/西屯北屯潭子/銀行業/高爾夫/精品-1510,inactive,1054,1008,,,,,,439,300,每日,40,3.795066,14,2025-09-17,進行中
2024-03-16,2026-05-29,28-55/西屯中科大雅/1%+製造業-1510,inactive,2512,1811,,,,,,1128,300,每日,69,2.746815,39,2025-09-18,進行中
2024-03-16,2026-05-29,28-55/74沿線/1%+業務-1510,inactive,3138,2152,,,,,,1117,300,每日,107,3.409815,60,2025-09-18,進行中
2024-03-16,2026-05-29,28-60/正北屯+8K/投資置產/雙語教育/高收興趣,inactive,4921,3230,1,,2,1076.5,actions:leadgen.other,2153,4000,總經費,137,2.783987,70,2024-11-07,2025-01-12
2024-03-16,2026-05-29,"35-60 / 大台中 / 高知識教師+業務",inactive,820,603,,,,,,563,3000,總經費,20,2.439024,7,2024-11-07,2024-11-17
2024-03-16,2026-05-29,"27-55/北屯潭子/ 年輕人興趣",inactive,3656,2242,,,1,1850,actions:leadgen.other,1850,4700,總經費,120,3.282276,46,2024-11-07,2024-12-31
2024-03-16,2026-05-29,"35-60 / 大台中 / 博弈業",inactive,1846,1476,,,,,,990,3400,總經費,53,2.871073,50,2024-11-09,2024-12-31
2024-03-16,2026-05-29,台中再行銷,inactive,357,319,,,,,,246,2000,總經費,12,3.361345,29,2024-11-11,2024-11-20
2024-03-16,2026-05-29,"35-60/ 北屯+中科 / 室內設計/餐飲/科技/補教",inactive,389,356,,,,,,226,2500,總經費,8,2.056555,28,2024-11-11,2024-11-20
2024-03-16,2026-05-29,35-65/水湳南屯/民事訴訟/搖滾樂/藝術興趣/潛水/閱讀/美食,inactive,1629,1297,,,,,,765,4500,總經費,52,3.192142,59,2024-11-11,2024-12-31
2024-03-16,2026-05-29,35-60/西屯水湳/youtuber/進口代理商/投資興趣-1510,inactive,11457,4934,15,3,15,180.06666667,actions:leadgen.other,2701,4200,總經費,824,7.19211,178,2024-11-12,2025-01-08
2024-03-16,2026-05-29,台中高總再行銷-1510,inactive,5899,1472,7,2,21,118.66666667,actions:leadgen.other,2492,6000,總經費,438,7.424987,125,2024-11-12,2024-11-30
2024-03-16,2026-05-29,台中高總再行銷(1128調),inactive,11453,4434,1,1,19,302.73684211,actions:leadgen.other,5752,6500,總經費,588,5.134026,215,2024-11-21,2025-01-11
2024-03-16,2026-05-29,33-65/北屯北區西屯/藝術家興趣/名車/貿易商-1510,inactive,1049,759,2,,,,,349,4100,總經費,69,6.577693,11,2024-12-10,2024-12-31
2024-03-16,2026-05-29,35-60/西屯北屯/公務員/自營商/理財(1231二調),inactive,12344,5218,2,,6,696.83333333,actions:leadgen.other,4181,6300,總經費,440,3.564485,145,2024-12-11,2025-01-08
2024-03-16,2026-05-29,33-65/南屯嶺東烏日/科技新貴(0114三調)-1510,inactive,12720,6689,9,1,7,541.14285714,actions:leadgen.other,3788,6400,總經費,579,4.551887,144,2024-12-12,2025-01-23
2024-03-16,2026-05-29,33-65/北屯北區西屯/科技新貴,inactive,2381,1296,,,1,991,actions:leadgen.other,991,2400,總經費,125,5.249895,38,2024-12-18,2024-12-31
2024-03-16,2026-05-29,33-65/北屯北區西屯/法官律師/親子教育,inactive,2469,1601,,,,,,686,2000,總經費,77,3.118672,17,2024-12-23,2024-12-31
2024-03-16,2026-05-29,30-60/潭子大坑太平/新婚/育兒/理財/旅遊(0108調區域),inactive,2512,1376,,,1,1654,actions:leadgen.other,1654,2000,總經費,58,2.308917,23,2025-01-06,2025-01-15
2024-03-16,2026-05-29,30-60/南屯嶺東烏日/雙語教育/音樂藝術興趣/名車(0110二調),inactive,3216,2033,,,,,,1986,3000,總經費,50,1.554726,20,2025-01-07,2025-01-16
2024-03-16,2026-05-29,30-60/潭子南屯烏日/雙薪家庭/理財/成家/旅遊,inactive,855,649,,,,,,572,2000,總經費,17,1.988304,7,2025-01-13,2025-01-22
2024-03-16,2026-05-29,30-60/潭子南屯烏日/成家置產/鉑金大苑+景立方1%,inactive,308,261,,,,,,204,1500,總經費,7,2.272727,1,2025-01-15,2025-01-22
2024-03-16,2026-05-29,28-55/台中/1%+精品-1510,inactive,1193,822,,,1,559,actions:leadgen.other,559,300,每日,69,5.783738,17,2025-09-22,進行中
2024-03-16,2026-05-29,28-55/74沿線/1%+旅遊興趣-1510,inactive,1500,1109,,,,,,522,300,每日,43,2.866667,10,2025-09-22,進行中
2024-03-16,2026-05-29,"27-55/北屯潭子/ 年輕人興趣-1510",inactive,2175,1857,1,,,,,779,300,每日,47,2.16092,16,2025-09-27,進行中
2024-03-16,2026-05-29,28-60/正北屯+8K/投資置產/雙語教育/高收興趣-1510,inactive,2055,1747,,,1,765,actions:leadgen.other,765,300,每日,66,3.211679,21,2025-09-27,進行中
2024-03-16,2026-05-29,28-60/西屯南屯/1%+遊戲開發-1510,inactive,1929,1523,,,,,,657,300,每日,49,2.540176,31,2025-09-30,進行中
2024-03-16,2026-05-29,28-60/74沿線-北屯/1%+數據分析-1510,inactive,2054,1541,,,1,682,actions:leadgen.other,682,300,每日,76,3.700097,30,2025-09-30,進行中
2024-03-16,2026-05-29,30-55/中彰國1沿線/傳產/工廠/成家,inactive,801,625,,,,,,496,2000,總經費,20,2.496879,9,2025-01-14,2025-01-23
2024-03-16,2026-05-29,33-65/南屯烏日彰化/名車/夜生活/精品-1510,inactive,21675,9696,2,,11,557.81818182,actions:leadgen.other,6136,7200,總經費,758,3.497116,184,2025-01-15,2025-03-31
2024-03-16,2026-05-29,台中區域再行銷,inactive,4798,1586,,,1,2765,actions:leadgen.other,2765,4600,總經費,151,3.147145,44,2025-01-16,2025-02-28
2024-03-16,2026-05-29,30-60/烏日豐原水湳/工程師/國外旅遊/電玩/教育,inactive,7731,3289,1,,1,4153,actions:leadgen.other,4153,8000,總經費,144,1.862631,73,2025-01-21,2025-02-28
2024-03-16,2026-05-29,30-60/烏日中科豐原彰化/工程師/國外旅遊/收藏/名車,inactive,1263,816,,,,,,602,4000,總經費,19,1.504355,9,2025-02-05,2025-02-28
2024-03-16,2026-05-29,"32-65/南區 大雅 豐原/個人事業 經濟科技日語喜好(0305調)",inactive,4658,2616,,,5,671.2,actions:leadgen.other,3356,8500,總經費,175,3.756977,76,2025-02-08,2025-03-31
2024-03-16,2026-05-29,35-60/西屯北屯/自由業/SOHO族/電商(0217調)-1510,inactive,9898,4934,6,2,6,366.5,actions:leadgen.other,2199,3000,總經費,513,5.182865,117,2025-02-11,2025-03-31
2024-03-16,2026-05-29,28-55/西屯區/前端工程師/投資理財-1510,inactive,3331,2184,1,,1,631,actions:leadgen.other,631,2000,總經費,91,2.731912,29,2025-02-12,2025-02-28
2024-03-16,2026-05-29,30-60/后科豐原/工程師/國外旅遊/棒球/名車,inactive,963,548,,,,,,360,1840,總經費,21,2.180685,79,2025-02-18,2025-02-28
2024-03-16,2026-05-29,35-65/74沿線/傳產老闆/自營商/醫生/投資興趣-1510,inactive,5666,3075,2,2,5,483.6,actions:leadgen.other,2418,5300,總經費,314,5.541828,57,2025-02-18,2025-04-30
2024-03-16,2026-05-29,大台中再行銷,inactive,2135,1169,,,1,1337,actions:leadgen.other,1337,1500,總經費,61,2.857143,82,2025-02-20,2025-02-28
2024-03-16,2026-05-29,"28-65/ 商業 業務相關職業",inactive,2930,1530,,,,,,1614,1700,總經費,40,1.365188,15,2025-02-25,2025-03-04
2024-03-16,2026-05-29,35-65/東區北區太平/自營商/親子教育/大學教授/精品-1510,inactive,12593,4684,5,1,9,371.44444444,actions:leadgen.other,3343,6800,總經費,641,5.090129,147,2025-02-26,2025-03-31
2024-03-16,2026-05-29,30-65/台中海線+市區/精算師興趣-1510,inactive,10324,5217,5,1,5,550.6,actions:leadgen.other,2753,8100,總經費,566,5.482371,133,2025-02-26,2025-04-30
2024-03-16,2026-05-29,32-60/台中科技走廊/工程師興趣/成家,inactive,962,646,,,,,,624,6300,總經費,4,0.4158,1,2025-03-04,2025-03-31
2024-03-16,2026-05-29,32-65/西屯北屯/置產+醫生興趣,inactive,1061,724,,,,,,855,5700,總經費,17,1.602262,4,2025-03-06,2025-03-31
2024-03-16,2026-05-29,32-60/澄石+藏富+北屯高總1%,inactive,962,671,,,,,,676,5000,總經費,14,1.455301,5,2025-03-06,2025-03-31
2024-03-16,2026-05-29,30-55/彰化南投/傳產二代/成家/名車,inactive,1840,1148,,,,,,1023,5700,總經費,16,0.869565,5,2025-03-10,2025-03-31
2024-03-16,2026-05-29,30-65/豐原后里潭子/製造業/科技業/自營商/露營,inactive,247,204,,,,,,164,4500,總經費,1,0.404858,,2025-03-10,2025-03-31
2024-03-16,2026-05-29,30-55/青埔竹科/工程師/投資置產/換屋(0314調),inactive,6946,3108,,,2,1578,actions:leadgen.other,3156,4300,總經費,101,1.454074,32,2025-03-11,2025-04-17
2024-03-16,2026-05-29,"30-60/ 豐原后里 / 在地自營商興趣 LL(0325調)",inactive,6021,2637,,,7,537.85714286,actions:leadgen.other,3765,4300,總經費,120,1.993024,33,2025-03-13,2025-03-31
2024-03-16,2026-05-29,"40-65/ 北屯南屯 / 換屋族(0402換區域+輪廓",inactive,4699,1646,,,2,1479,actions:leadgen.other,2958,8000,總經費,126,2.681422,44,2025-03-26,2025-04-30
2024-03-16,2026-05-29,"32-65/公益 七期 14期 豐原/貿易 商業 質感生活-1510",inactive,3088,1588,,,1,1648,actions:leadgen.other,1648,5350,總經費,97,3.141192,30,2025-03-27,2025-04-30
2024-03-16,2026-05-29,"30-60/ 1%+旅遊興趣",inactive,608,420,,,,,,401,600,總經費,10,1.644737,1,2025-03-28,2025-03-31
2024-03-16,2026-05-29,28-65/澄石+藏富+北屯高總1%+科技興趣,inactive,3417,1501,1,,2,864.5,actions:leadgen.other,1729,7000,總經費,70,2.048581,24,2025-04-01,2025-04-30
2024-03-16,2026-05-29,35-60/西屯水湳/youtuber/進口代理商/投資興趣(1210調),inactive,14207,5551,2,,11,494.36363636,actions:leadgen.other,5438,6200,總經費,520,3.660168,207,2024-11-11,2026-05-31
2024-03-16,2026-05-29,區域再行銷-1510,inactive,11588,6028,3,3,11,315.45454545,actions:leadgen.other,3470,4498,總經費,708,6.109769,149,2024-12-18,2025-09-12
2024-03-16,2026-05-29,35-60/南屯西屯烏日/精品化妝品/進口代理商/投資興趣(0206調)-1510,inactive,60288,20151,8,3,35,372.25714286,actions:leadgen.other,13029,13400,總經費,2505,4.155056,598,2025-01-17,2025-07-24
2024-03-16,2026-05-29,35-65/烏日彰化/退休置產-1510,inactive,6659,3612,2,1,6,312.33333333,actions:leadgen.other,1874,6300,總經費,250,3.754317,71,2025-03-04,2025-12-31
2024-03-16,2026-05-29,"35-65/西屯 水湳 南區/科技 半導體 投資(0414二調)-1510",inactive,22412,8144,5,1,12,583.41666667,actions:leadgen.other,7001,8000,總經費,980,4.372658,236,2025-03-27,2025-07-15
2024-03-16,2026-05-29,28-65/澄石+藏富+北屯高總1%+理財興趣,inactive,6094,2900,,1,5,587,actions:leadgen.other,2935,6000,總經費,84,1.378405,32,2025-04-08,2025-04-30
2024-03-16,2026-05-29,35-60/西屯水湳/youtuber/進口代理商/投資興趣-1510,not_delivering,2932,1789,,,2,413.5,actions:leadgen.other,827,2500,總經費,137,4.672578,34,2025-04-21,2025-04-30
2024-03-16,2026-05-29,32-60/沙鹿清水豐原/貿易商/政治興趣-1510,inactive,1393,945,,,,,,505,2500,總經費,63,4.522613,18,2025-04-21,2025-04-30
2024-03-16,2026-05-29,32-60/東海西屯/企業家/民間信仰-1510,inactive,1397,1000,,,1,473,actions:leadgen.other,473,2500,總經費,59,4.223336,15,2025-04-21,2025-04-30
2024-03-16,2026-05-29,28-65/1510+藏富+北屯高總1%+理財興趣,inactive,884,664,,,,,,474,2500,總經費,9,1.0181,2,2025-04-21,2025-04-30
2024-03-16,2026-05-29,40-60/台中市區大里彰化/高收入家庭/民間信仰/美食節目-1510,not_delivering,924,720,,,,,,275,2000,總經費,46,4.978355,9,2025-04-23,2025-04-30
2024-03-16,2026-05-29,30-55/中科+工業區/工程師/科技業/科幻片-1510,not_delivering,1150,898,,,,,,307,2100,總經費,22,1.913043,8,2025-04-23,2025-04-30
2024-03-16,2026-05-29,"202504_景立方_高校速成_台中大範圍 廣告組合",not_delivering,26831,9885,4,11,16,410.375,actions:leadgen.other,6566,300,每日,1248,4.651336,486,2025-04-24,進行中
2024-03-16,2026-05-29,"202504_景立方_高校速成_中科+北台中(0426調 廣告組合",not_delivering,5487,4127,,1,1,1365,actions:leadgen.other,1365,300,每日,258,4.702023,67,2025-04-24,進行中
2024-03-16,2026-05-29,"202504_景立方_高校速成_南台中(0515調 廣告組合",not_delivering,34117,14862,2,15,18,462.27777778,actions:leadgen.other,8321,300,每日,1023,2.998505,337,2025-04-24,進行中
2024-03-16,2026-05-29,30-65/北屯南屯西屯/醫師,not_delivering,2123,1260,,,,,,945,250,每日,84,3.956665,175,2025-04-28,進行中
2024-03-16,2026-05-29,30-65/北屯北區/在地文教家庭,inactive,765,526,,,,,,652,250,每日,22,2.875817,89,2025-05-02,進行中
2024-03-16,2026-05-29,"30-65/北屯水湳豐原/商務業務  國際學校 成家",inactive,2506,1339,,,2,754.5,actions:leadgen.other,1509,250,每日,63,2.513966,300,2025-05-02,進行中
2024-03-16,2026-05-29,用高校速成_南台中(0426調)的受眾,inactive,3429,2038,,,2,1181,actions:leadgen.other,2362,250,每日,58,1.691455,228,2025-05-02,進行中
2024-03-16,2026-05-29,30-60/北屯西屯/廚師興趣,inactive,1278,810,,,1,1086,actions:leadgen.other,1086,250,每日,51,3.99061,98,2025-05-12,進行中
2024-03-16,2026-05-29,30-60/西屯北屯/科技製造業主管,inactive,1880,1110,,,1,1037,actions:leadgen.other,1037,250,每日,53,2.819149,22,2025-05-15,進行中
2024-03-16,2026-05-29,30-60/北屯西屯/投資置產/高收興趣,inactive,2833,1390,,,2,893,actions:leadgen.other,1786,250,每日,66,2.329686,46,2025-05-19,進行中
2024-03-16,2026-05-29,30-60/沿74線/投資/加工業/儲蓄,inactive,953,609,,,1,818,actions:leadgen.other,818,250,每日,22,2.308499,37,2025-05-26,進行中
2024-03-16,2026-05-29,25-60/台中大範圍/自營商/軍公教/上班族,inactive,4733,2158,,,4,479.5,actions:leadgen.other,1918,250,每日,99,2.091697,62,2025-05-29,進行中
2024-03-16,2026-05-29,30-60/北台中/工程師/科技業,inactive,3018,1729,,,1,1518,actions:leadgen.other,1518,250,每日,71,2.352551,48,2025-06-05,進行中
2024-03-16,2026-05-29,30-60/北屯太平東區/家庭換屋(0616調範圍,inactive,19109,7684,1,1,21,489.19047619,actions:leadgen.other,10273,300,每日,633,3.312575,4454,2025-06-11,進行中
2024-03-16,2026-05-29,30-60/北屯西屯/科技業/中小企業,inactive,11539,7151,2,,11,557.36363636,actions:leadgen.other,6131,300,每日,374,3.241182,3049,2025-07-14,進行中
2024-03-16,2026-05-29,30-60/后里豐原潭子/製造業,inactive,10865,5894,5,2,9,602.33333333,actions:leadgen.other,5421,200,每日,432,3.97607,2943,2025-07-15,進行中
2024-03-16,2026-05-29,28-60/台中/自由職業者/創意工作者,inactive,6575,4151,,1,5,584.4,actions:leadgen.other,2922,200,每日,264,4.015209,1662,2025-07-25,進行中
2024-03-16,2026-05-29,30-65/台中/高收族群,inactive,3517,1794,2,2,7,394.42857143,actions:leadgen.other,2761,200,每日,263,7.477964,1222,2025-08-07,進行中
2024-03-16,2026-05-29,30-60/西屯北屯/保險業/業務,inactive,4309,2659,1,,5,549.6,actions:leadgen.other,2748,200,每日,183,4.246925,1060,2025-08-07,進行中
2024-03-16,2026-05-29,28-60/西屯北屯烏日沙鹿/航空族群,inactive,2672,1756,,,5,282.4,actions:leadgen.other,1412,200,每日,127,4.752994,736,2025-08-21,進行中
2024-03-16,2026-05-29,30-60/台中/餐飲/管理階級,inactive,2203,1464,,,1,1433,actions:leadgen.other,1433,200,每日,125,5.674081,714,2025-08-21,進行中
2024-03-16,2026-05-29,30-60/台中/軍警消,inactive,1132,872,,,,,,784,200,每日,48,4.240283,333,2025-08-28,進行中
2024-03-16,2026-05-29,28-60/西屯西區太平/藝術相關興趣,inactive,1107,870,,,,,,784,200,每日,40,3.613369,229,2025-08-28,進行中
2024-03-16,2026-05-29,28-60/西屯南屯太平/建築營造,inactive,2113,1650,,,1,1372,actions:leadgen.other,1372,200,每日,74,3.50213,621,2025-09-01,進行中
2024-03-16,2026-05-29,30-60/台中/寵物相關興趣,inactive,477,396,,,,,,388,200,每日,25,5.24109,131,2025-09-01,進行中
2024-03-16,2026-05-29,30-60/74沿線/傳產老闆/自營商/醫生/投資興趣,inactive,3738,2389,,,4,598,actions:leadgen.other,2392,300,每日,204,5.457464,1006,2025-09-03,進行中
2024-03-16,2026-05-29,30-60/大台中/商業投資興趣,inactive,2316,1850,1,,1,1428,actions:leadgen.other,1428,300,每日,85,3.670121,600,2025-09-03,進行中
2024-03-16,2026-05-29,28-60/西屯南區太平/影視製作相關,inactive,530,414,,,,,,601,200,每日,25,4.716981,113,2025-09-08,進行中
2024-03-16,2026-05-29,30-60/北屯潭子/傳產興趣,inactive,3507,2130,,,3,791.66666667,actions:leadgen.other,2375,300,每日,130,3.706872,833,2025-09-10,進行中
2024-03-16,2026-05-29,30-50/西屯水湳/youtuber/進口代理商/投資興趣,inactive,862,695,,,,,,521,300,每日,12,1.392111,167,2025-09-10,進行中
2024-03-16,2026-05-29,28-60/西屯南區太平/中小企業,inactive,347,286,,,,,,356,300,每日,14,4.034582,80,2025-09-11,進行中
2024-03-16,2026-05-29,28-60/西屯西區南區/3C興趣,inactive,1472,1190,,,,,,1244,300,每日,53,3.600543,483,2025-09-11,進行中
2024-03-16,2026-05-29,28-55/西屯西區南區/留學/國際家庭,inactive,1027,778,,,,,,734,300,每日,27,2.629017,182,2025-09-15,進行中
2024-03-16,2026-05-29,"202505_景立方_高校速成_台中大範圍(0616調 廣告組合",not_delivering,31297,13346,9,17,24,281.375,actions:leadgen.other,6753,250,每日,1218,3.891747,353,2025-05-20,進行中
2024-03-16,2026-05-29,"202505_景立方_高校速成_北台中 廣告組合",not_delivering,38896,17418,16,17,23,376.82608696,actions:leadgen.other,8667,250,每日,1634,4.200946,419,2025-05-30,進行中
2024-03-16,2026-05-29,"202506_景立方_高校速成_台中大範圍-1510 廣告組合",not_delivering,31084,13960,10,9,19,370.21052632,actions:leadgen.other,7034,250,每日,1158,3.725389,337,2025-06-16,進行中
2024-03-16,2026-05-29,"202506_景立方_高效速成_西屯北區北屯-1510 廣告組合",not_delivering,7363,5268,1,1,2,860,actions:leadgen.other,1720,250,每日,259,3.517588,74,2025-06-27,進行中
2024-03-16,2026-05-29,"202507_景立方_高校速成_台中大範圍-1510 廣告組合",not_delivering,8267,4816,2,3,4,618.5,actions:leadgen.other,2474,250,每日,435,5.261885,92,2025-07-14,進行中
2024-03-16,2026-05-29,"202507_景立方_高校速成_台中74沿線-科技業-1510 行銷活動 廣告組合",not_delivering,23501,10683,9,12,17,315.70588235,actions:leadgen.other,5367,200,每日,1048,4.459385,297,2025-07-24,進行中
2024-03-16,2026-05-29,"202507_景立方_高校速成_西屯南區北屯北區-醫療人員-1510 行銷活動 廣告組合",not_delivering,6931,5225,3,1,1,1537,actions:leadgen.other,1537,250,每日,292,4.212956,88,2025-07-25,進行中
2024-03-16,2026-05-29,"202507_景立方_高效速成_西屯西區北屯北區-高奢興趣-1510 行銷活動 廣告組合",not_delivering,22404,11016,8,8,15,378.53333333,actions:leadgen.other,5678,200,每日,1087,4.851812,296,2025-07-25,進行中
2024-03-16,2026-05-29,30-65/西屯西區北屯北區/高奢興趣(名單多無效),inactive,19167,8008,9,,17,396.35294118,actions:leadgen.other,6738,250,每日,1110,5.791204,394,2025-08-01,進行中
2024-03-16,2026-05-29,28-60/西屯西區北屯/醫美消費者,inactive,1132,889,1,,,,,717,300,每日,26,2.29682,223,2025-09-15,進行中
2024-03-16,2026-05-29,30-55/台中國1沿線/傳產/工廠/休旅車,inactive,2489,1986,,,,,,1319,300,每日,72,2.892728,394,2025-09-15,進行中
2024-03-16,2026-05-29,30-60/西屯中科大里烏日/科技研發,inactive,3321,2265,1,,2,1019.5,actions:leadgen.other,2039,300,每日,114,3.432701,617,2025-09-18,進行中
2024-03-16,2026-05-29,35-55/西屯北屯/老師/教授/自營商/退休族,inactive,2161,1595,,,1,1415,actions:leadgen.other,1415,400,每日,77,3.563165,444,2025-09-18,進行中
2024-03-16,2026-05-29,25-45/西屯北屯太平/上班族/自營商/會計,inactive,2760,2058,1,,1,1568,actions:leadgen.other,1568,400,每日,100,3.623188,580,2025-09-18,進行中
2024-03-16,2026-05-29,25-45/北屯太平西屯東區/傳產/自營商/服務業,inactive,6434,4288,1,,3,1203.33333333,actions:leadgen.other,3610,400,每日,265,4.118744,1547,2025-09-18,進行中
2024-03-16,2026-05-29,27-55/十期/新婚成家教育,inactive,2700,1956,,,,,,1573,400,每日,122,4.518519,617,2025-09-18,進行中
2024-03-16,2026-05-29,30-55/西屯北區南屯/醫療人員,inactive,2403,1915,,,1,1538,actions:leadgen.other,1538,300,每日,71,2.95464,470,2025-09-22,進行中
2024-03-16,2026-05-29,28-55/西屯西區北屯/公務人員/教師,inactive,1641,1335,,,,,,982,300,每日,51,3.107861,282,2025-09-22,進行中
2024-03-16,2026-05-29,30-55/西屯西區北屯/律師/會計,inactive,1572,1422,,,,,,891,300,每日,50,3.180662,352,2025-09-24,進行中
2024-03-16,2026-05-29,28-55/西屯西區北屯/建築師/室內設計,inactive,1450,1277,,,,,,909,300,每日,51,3.517241,313,2025-09-24,進行中
2024-03-16,2026-05-29,"30-65/台中市/ 1%+精品興趣",inactive,2457,1446,1,,1,1110,actions:leadgen.other,1110,250,每日,95,3.866504,28,2026-01-30,進行中
2024-03-16,2026-05-29,"30-63/潭子 豐原/貴婦 投資 享受生活(0330移除北屯/IG",inactive,9219,5394,,,4,805.75,actions:leadgen.other,3223,250,每日,423,4.58835,161,2026-01-31,進行中
2024-03-16,2026-05-29,"30-60/洲際太原逢甲/業務 雙語學校興趣",inactive,2949,1556,,,,,,1162,250,每日,104,3.526619,29,2026-02-04,進行中
2024-03-16,2026-05-29,30-55/西屯北屯/建築工程師,inactive,4162,2253,1,,2,456,actions:leadgen.other,912,250,每日,243,5.838539,75,2026-03-12,進行中
2024-03-16,2026-05-29,27-55/十期/591房產/上班族,inactive,23697,10384,,,15,361.33333333,actions:leadgen.other,5420,250,每日,1163,4.907794,1195,2026-03-12,進行中
2024-03-16,2026-05-29,28-55/北屯/房地產/室內設計,inactive,6543,3521,,,3,524,actions:leadgen.other,1572,400,每日,290,4.432218,99,2026-03-13,進行中
2024-03-16,2026-05-29,33-60/北屯潭子/換屋父母(排除IG),inactive,8802,5526,,,5,471.4,actions:leadgen.other,2357,250,每日,486,5.521472,172,2026-03-16,進行中
2024-03-16,2026-05-29,33-60/北屯/傳產業務教育(排除IG),inactive,3155,2304,,,,,,845,400,每日,174,5.515055,59,2026-03-18,進行中
2024-03-16,2026-05-29,30-60/北屯東區中清/成家/親子教育(0322調,inactive,3237,2294,,1,1,981,actions:leadgen.other,981,250,每日,170,5.251776,69,2026-03-21,進行中
2024-03-16,2026-05-29,30-55/豐原潭子/雙薪首購族(0322調,inactive,3754,2652,,,1,911,actions:leadgen.other,911,250,每日,159,4.235482,60,2026-03-21,進行中
2024-03-16,2026-05-29,28-55/北屯潭子/室內裝修/年輕人興趣(0326調,inactive,21680,9815,,1,12,475.25,actions:leadgen.other,5703,250,每日,892,4.114391,362,2026-03-21,進行中
2024-03-16,2026-05-29,35-64/74沿線往逢甲/通勤/在地上班族(0326調,inactive,5129,3329,3,,1,1430,actions:leadgen.other,1430,250,每日,229,4.464808,94,2026-03-24,進行中
2024-03-16,2026-05-29,28-55/北屯2000以下再行銷,inactive,1140,904,,,,,,381,250,每日,41,3.596491,15,2026-03-24,進行中
2024-03-16,2026-05-29,33-65/北屯西屯/傳產/在地上班父母(0402+房產,inactive,4810,2835,,,1,1555,actions:leadgen.other,1555,250,每日,191,3.970894,64,2026-03-30,進行中
2024-03-16,2026-05-29,30-60/74沿線/諮商心理師/語言治療師,inactive,3326,2090,,,1,1278,actions:leadgen.other,1278,250,每日,124,3.728202,54,2026-03-31,進行中
2024-03-16,2026-05-29,27-54/十期/房地產/行動支付,inactive,2555,1857,,,,,,570,250,每日,79,3.091977,36,2026-03-31,進行中
2024-03-16,2026-05-29,35-65/潭子中清/傳產上班族FB,inactive,4521,2349,1,1,1,1319,actions:leadgen.other,1319,250,每日,216,4.777704,90,2026-03-31,進行中
2024-03-16,2026-05-29,"35-65 / 北屯 / 親子教育公務員(0411調",inactive,23953,9503,2,,14,467.78571429,actions:leadgen.other,6549,250,每日,1052,4.391934,867,2026-04-08,進行中
2024-03-16,2026-05-29,"35-65 / 東區太平 / 在地傳產自營商(0418調區域",inactive,24357,11678,1,1,14,477.71428571,actions:leadgen.other,6688,250,每日,1159,4.758386,571,2026-04-11,進行中
2024-03-16,2026-05-29,30-60/北屯潭子/換屋父母/房地產,inactive,4530,3294,,,2,598.5,actions:leadgen.other,1197,250,每日,206,4.547461,66,2026-04-24,進行中
2024-03-16,2026-05-29,32-60/洲際中清潭子/中小企業/博弈遊戲/數位貨幣,inactive,3998,2807,,,,,,1171,250,每日,190,4.752376,192,2026-04-24,進行中
2024-03-16,2026-05-29,"33-64 / 頭家厝北屯 / 業務傳產汽車-90D廣告互動(排除IG)",inactive,23824,11589,,,15,446.86666667,actions:leadgen.other,6703,200,每日,1068,4.482874,835,2026-04-29,進行中
2024-03-16,2026-05-29,"33-64 / 豐原潭子 / 純買房興趣(純FB)(0504調整投放區域",inactive,17181,9840,1,,8,590,actions:leadgen.other,4720,250,每日,875,5.092835,544,2026-04-29,進行中
2024-03-16,2026-05-29,"30-60 / 逢甲中科 / 科技/傳產/成家",inactive,6744,4236,,,2,1124.5,actions:leadgen.other,2249,250,每日,255,3.781139,82,2026-05-04,進行中
2024-03-16,2026-05-29,30-60/西屯北屯/醫師/美食/常飛國外/精品,inactive,2846,1917,,,1,1217,actions:leadgen.other,1217,250,每日,117,4.111033,48,2026-05-13,進行中
2024-03-16,2026-05-29,30-64/北屯西屯/出口貿易/科技產品-90D廣告互動(排除IG),inactive,3950,2800,1,,1,1416,actions:leadgen.other,1416,200,每日,159,4.025316,54,2026-05-15,進行中
2024-03-16,2026-05-29,"35-54 /西屯南屯北屯太平/ 換屋家庭",inactive,2662,1855,,,1,983,actions:leadgen.other,983,150,每日,105,3.944403,38,2026-05-18,進行中
2024-03-16,2026-05-29,"202508_景立方_高效速成_台中-教育從業者-1510 行銷活動 廣告組合",not_delivering,2796,1801,,,,,,738,200,每日,131,4.685265,50,2025-08-18,進行中
2024-03-16,2026-05-29,"202508_景立方_名單1510-高效速成-西屯北屯-金融業-行銷活動 廣告組合",not_delivering,4651,3063,1,,2,717,actions:leadgen.other,1434,200,每日,245,5.267684,117,2025-08-21,進行中
2024-03-16,2026-05-29,"202508_景立方_名單1510-高效速成-台中-高消費生活-行銷活動 廣告組合",not_delivering,5112,2776,5,,7,286.28571429,actions:leadgen.other,2004,200,每日,315,6.161972,199,2025-08-22,進行中
2024-03-16,2026-05-29,"202508_景立方_名單1510-高效速成-西屯北屯-體育相關-行銷活動 廣告組合",not_delivering,2421,1872,,,1,737,actions:leadgen.other,737,200,每日,101,4.17183,47,2025-08-28,進行中
2024-03-16,2026-05-29,"202509_景立方_名單1510-高效速成-西屯北區北屯-美髮美容相關-行銷活動 行銷活動 廣告組合",not_delivering,1170,1014,,,,,,413,200,每日,46,3.931624,12,2025-09-01,進行中
2024-03-16,2026-05-29,"202509_景立方_名單1510-高效速成-台中-汽車產業-行銷活動 廣告組合",not_delivering,5285,2835,4,,3,716,actions:leadgen.other,2148,200,每日,302,5.714286,72,2025-09-01,進行中
2024-03-16,2026-05-29,30-60/台中/1%+投資興趣,inactive,2783,1728,,,1,2068,actions:leadgen.other,2068,300,每日,133,4.779015,807,2025-09-03,進行中
2024-03-16,2026-05-29,30-60/台中/1%+收藏興趣,inactive,1240,875,,,,,,931,300,每日,73,5.887097,285,2025-09-03,進行中
2024-03-16,2026-05-29,"202509_景立方_名單1510-高效速成-西屯西區北區-珠寶設計 廣告組合",not_delivering,7944,4397,,,4,504.5,actions:leadgen.other,2018,200,每日,327,4.116314,110,2025-09-08,進行中
2024-03-16,2026-05-29,"202509_景立方_名單高校速成-北台中(1001 廣告組合",not_delivering,4813,3140,,,3,1105.33333333,actions:leadgen.other,3316,300,每日,102,2.11926,774,2025-09-22,進行中
2024-03-16,2026-05-29,"202509_景立方_高校速成_后科中科0925 廣告組合",not_delivering,2019,1392,,,,,,1147,250,每日,25,1.238237,198,2025-09-22,進行中
2024-03-16,2026-05-29,"202509_景立方_高校速成_食譜美容 廣告組合",not_delivering,1524,1190,,,,,,1168,250,每日,45,2.952756,243,2025-09-22,進行中
2024-03-16,2026-05-29,28-60/東區太平/自營商/成家/大學教授,inactive,2188,1584,,,,,,1032,400,每日,111,5.073126,610,2025-09-27,進行中
2024-03-16,2026-05-29,30-60/大台中/商業投資興趣,inactive,7441,4578,1,,5,773.6,actions:leadgen.other,3868,200,每日,309,4.152668,1539,2025-09-27,進行中
2024-03-16,2026-05-29,"28-65/北屯西屯嶺東/Uber eats/名牌精品/親子教育/百貨公司",inactive,2326,2121,,,,,,911,400,每日,74,3.181427,565,2025-09-27,進行中
2024-03-16,2026-05-29,33-60/豐原車站后科路/換屋需求/教育/投資/戶外活動,inactive,1950,1617,1,,,,,1018,400,每日,87,4.461538,594,2025-09-27,進行中
2024-03-16,2026-05-29,32-65/大台中/投資/銀行/股票/名錶,inactive,1254,967,,,1,792,actions:leadgen.other,792,400,每日,52,4.14673,280,2025-09-29,進行中
2024-03-16,2026-05-29,28-60/大台中/五金傳產/政治,inactive,1124,827,,,,,,789,400,每日,41,3.647687,155,2025-09-29,進行中
2024-03-16,2026-05-29,30-60/大台中/精算師興趣,inactive,3148,2264,1,,2,861.5,actions:leadgen.other,1723,200,每日,107,3.398983,708,2025-10-01,進行中
2024-03-16,2026-05-29,30-60/大台中/社交名流,inactive,8462,5511,1,,6,968,actions:leadgen.other,5808,250,每日,294,3.474356,2114,2025-10-01,進行中
2024-03-16,2026-05-29,32-55/北屯北區潭子/親子學區/雙薪換屋/通勤,inactive,2726,2009,,,,,,627,200,每日,102,3.741746,38,2026-05-22,進行中
2024-03-16,2026-05-29,35-60/太平東區/傳統批發/製造物流,inactive,1722,1216,,,,,,483,150,每日,93,5.400697,42,2026-05-22,進行中
2024-03-16,2026-05-29,30-55/北屯豐原潭子/公職/教師/親子,inactive,1030,850,,,,,,248,200,每日,40,3.883495,12,2026-05-25,進行中
2024-03-16,2026-05-29,35-60/太平北區東區/自營商/親子教育/精品,inactive,563,475,,,,,,200,150,每日,23,4.085258,4,2026-05-25,進行中
2024-03-16,2026-05-29,27-60/十期/行銷/小資族,inactive,376,312,,,,,,238,500,每日,22,5.851064,81,2025-10-08,進行中
2024-03-16,2026-05-29,27-60/西屯中科/銀行/精算師,inactive,501,473,,,,,,337,500,每日,8,1.596806,90,2025-10-08,進行中
2024-03-16,2026-05-29,35-55/西屯西區南區/政治/社會議題/投資,inactive,1916,1185,1,,1,1110,actions:leadgen.other,1110,250,每日,85,4.436326,450,2026-01-06,進行中
2024-03-16,2026-05-29,30-55/西屯北屯/高爾夫/精品/運動,inactive,901,601,,,,,,600,250,每日,29,3.218646,123,2026-01-06,進行中
2024-03-16,2026-05-29,35-60/西屯南屯南區/包租公/租賃管理族,inactive,2093,1200,,,1,1110,actions:leadgen.other,1110,250,每日,104,4.968944,451,2026-01-06,進行中
2024-03-16,2026-05-29,30-65/水湳北屯/富人興趣2.0,inactive,1028,846,,,,,,553,250,每日,46,4.474708,82,2026-01-08,進行中
2024-03-16,2026-05-29,30-60/北屯水湳/在地上班族(0116改區域,inactive,9014,5375,1,,6,926.16666667,actions:leadgen.other,5557,250,每日,348,3.860661,1733,2026-01-08,進行中
2024-03-16,2026-05-29,25-65/北屯再行銷,inactive,1093,887,,,,,,561,250,每日,40,3.659652,38,2026-01-08,進行中
2024-03-16,2026-05-29,30-60/逢甲中科/科技/傳產/成家(0411,inactive,23822,11261,2,1,20,744.25,actions:leadgen.other,14885,300,每日,1100,4.61758,5517,2026-01-11,進行中
2024-03-16,2026-05-29,"33-65 / 靜宜大雅中清 / 家庭興趣(0111調區域",inactive,722,561,,,,,,482,250,每日,19,2.631579,62,2026-01-11,進行中
2024-03-16,2026-05-29,"30-60 / 南台中 / 科技置產男(0111調區域",inactive,646,470,,,,,,468,250,每日,30,4.643963,132,2026-01-11,進行中
2024-03-16,2026-05-29,30-55/西屯水湳太原/汽車/重機愛好者(0124調區域,inactive,2034,1570,1,,,,,1408,300,每日,106,5.211406,609,2026-01-21,進行中
2024-03-16,2026-05-29,28-50/大雅豐原神岡/新婚成家(0124調區域,inactive,1491,1152,,,1,992,actions:leadgen.other,992,300,每日,44,2.95104,216,2026-01-23,進行中
2024-03-16,2026-05-29,27-50/西屯北屯南屯西區/追星/演唱會,inactive,955,783,,,,,,962,300,每日,23,2.408377,200,2026-01-23,進行中
2024-03-16,2026-05-29,35-60/西屯水湳/youtuber/進口代理商/投資興趣,inactive,1175,909,,,,,,946,300,每日,68,5.787234,228,2026-01-26,進行中
2024-03-16,2026-05-29,30-65/台中/台中高總再行銷(0205調,inactive,3688,1279,1,,4,944.5,actions:leadgen.other,3778,200,每日,158,4.284165,716,2026-01-26,進行中
2024-03-16,2026-05-29,30-65/豐原后里潭子/製造業/科技業/自營商/露營,inactive,1293,1011,,,,,,945,300,每日,46,3.557618,260,2026-01-26,進行中
2024-03-16,2026-05-29,28-55/北屯北區潭子/餐飲創辦人(0131調區域,inactive,2081,1305,,,,,,1177,300,每日,60,2.883229,67,2026-01-29,進行中
2024-03-16,2026-05-29,30-60/勤美水湳歌劇院/活動策展人(0204區域調整,inactive,3524,2068,,,2,1066,actions:leadgen.other,2132,300,每日,127,3.603859,240,2026-01-29,進行中
2024-03-16,2026-05-29,"25-55/74沿線/汽車 美容 鍍膜類(0204大調",inactive,3676,2421,,,1,2147,actions:leadgen.other,2147,300,每日,139,3.781284,101,2026-01-29,進行中
2024-03-16,2026-05-29,32-65/豐原潭子中科/台積電/雙薪家庭/理財/旅遊,inactive,8351,4924,,,9,621.88888889,actions:leadgen.other,5597,250,每日,336,4.02347,1860,2026-02-05,進行中
2024-03-16,2026-05-29,35-60/豐原后里/質感高收客群,inactive,834,544,,,,,,642,250,每日,19,2.278177,169,2026-02-09,進行中
2024-03-16,2026-05-29,"30-60 / 北屯南屯東區 / 自媒體經營",inactive,5319,2847,,,3,1247,actions:leadgen.other,3741,250,每日,195,3.666103,725,2026-02-09,進行中
2024-03-16,2026-05-29,"27-60 / 西屯北屯北區 / 雙薪首購族(0220調整區域",inactive,6430,3122,1,,3,1362,actions:leadgen.other,4086,250,每日,237,3.685848,446,2026-02-11,進行中
2024-03-16,2026-05-29,"30-55 / 西屯大雅 / 重生活品質(0312調區域",inactive,8936,5061,,,10,639.5,actions:leadgen.other,6395,200,每日,357,3.995076,2549,2026-02-20,進行中
2024-03-16,2026-05-29,33-60/北屯潭子/換屋父母,inactive,4102,2750,,,1,2130,actions:leadgen.other,2130,3000,總經費,211,5.143832,1195,2025-11-20,2025-11-30
2024-03-16,2026-05-29,30-50/水湳北屯/生技醫學/電子工程/商管/大學教授,inactive,2612,1430,,,1,1429,actions:leadgen.other,1429,3000,總經費,64,2.45023,59,2025-11-20,2025-11-30
2024-03-16,2026-05-29,25-60/台中再行銷,inactive,2204,1501,,,1,1264,actions:leadgen.other,1264,3000,總經費,106,4.809437,409,2025-11-20,2025-11-30
2024-03-16,2026-05-29,30-60/潭子太原/成家+幼兒教育興趣,inactive,1587,1076,,,1,1481,actions:leadgen.other,1481,3000,總經費,50,3.150599,225,2025-11-24,2025-12-03
2024-03-16,2026-05-29,35-60/74沿線/自營商/質感退休生活,inactive,1251,948,,,,,,1028,3000,總經費,69,5.515588,338,2025-11-28,2025-12-08
2024-03-16,2026-05-29,30-60/西屯北屯/精品/社交名流,inactive,1435,1127,,,,,,882,3000,總經費,59,4.111498,406,2025-11-28,2025-12-08
2024-03-16,2026-05-29,30-60/74沿線/財經/愛馬仕,inactive,940,736,,,1,917,actions:leadgen.other,917,3000,總經費,28,2.978723,192,2025-12-01,2025-12-10
2024-03-16,2026-05-29,30-60/西屯北屯/企業/基金,inactive,742,627,,,,,,654,3000,總經費,14,1.886792,96,2025-12-01,2025-12-11
2024-03-16,2026-05-29,30-60/潭子豐原中清路/民俗傳統信仰,inactive,1311,1097,,,,,,753,3000,總經費,58,4.424104,371,2025-12-03,2025-12-11
2024-03-16,2026-05-29,30-60/潭子豐原中清靜宜/倉儲製造,inactive,1499,1260,,,,,,835,3000,總經費,74,4.936624,468,2025-12-03,2025-12-11
2024-03-16,2026-05-29,30-60/北區東區州際/出國跑咖興趣(1208調整,inactive,4048,2900,,,2,1309,actions:leadgen.other,2618,3000,總經費,174,4.298419,1222,2025-12-03,2025-12-11
2024-03-16,2026-05-29,28-50/東區北區/年輕買房,inactive,4250,2193,,,2,1302,actions:leadgen.other,2604,250,每日,112,2.635294,413,2026-02-24,進行中
2024-03-16,2026-05-29,35-60/豐原潭子北屯/長輩置產/運動休閒(0303改投放地區,inactive,2975,1328,,,2,1056,actions:leadgen.other,2112,250,每日,80,2.689076,472,2026-02-24,進行中
2024-03-16,2026-05-29,35-55/西屯北區潭子/醫療業務/運動(0303調整投放地區,inactive,2316,1842,,,1,1468,actions:leadgen.other,1468,250,每日,92,3.972366,500,2026-02-24,進行中
2024-03-16,2026-05-29,28-60/西屯北屯北區/國外旅遊,inactive,1230,762,,,,,,983,250,每日,36,2.926829,134,2026-02-28,進行中
2024-03-16,2026-05-29,30-55/中科+北台中/科技業/智慧居家(0310調區域,inactive,3376,1658,,,1,2191,actions:leadgen.other,2191,250,每日,72,2.132701,316,2026-03-04,進行中
2024-03-16,2026-05-29,28-55/中科北屯/軍公教(0312調區域,inactive,3310,1522,,,2,1132,actions:leadgen.other,2264,250,每日,93,2.809668,117,2026-03-04,進行中
2024-03-16,2026-05-29,30-55/北屯東區北區/科技/投資/親子教育,inactive,2306,1286,,,,,,1280,250,每日,45,1.951431,178,2026-03-06,進行中
2024-03-16,2026-05-29,28-55/北屯東區/教職員/文學/傳統家庭(鎖IG+影片版位),inactive,3028,1764,,,,,,1747,200,每日,104,3.43461,348,2026-03-11,進行中
2024-03-16,2026-05-29,35-65/豐原+頭家國小/自營商/食品業(排除IG),inactive,4406,2616,,,1,2743,actions:leadgen.other,2743,200,每日,163,3.699501,691,2026-03-11,進行中
2024-03-16,2026-05-29,30-60/西屯北屯/企業主/高現金流,inactive,6952,3397,,,7,565.71428571,actions:leadgen.other,3960,200,每日,245,3.524166,1438,2026-03-13,進行中
2024-03-16,2026-05-29,"28-55 / 南屯西屯 / 成家理財興趣0411調",inactive,7272,3623,,,5,979.8,actions:leadgen.other,4899,300,每日,338,4.647965,1179,2026-04-05,進行中
2024-03-16,2026-05-29,"30-60 / 西屯北屯 /製造業/樂高/桌遊",inactive,1082,778,,,,,,830,250,每日,37,3.419593,172,2026-04-30,進行中
2024-03-16,2026-05-29,"28-50 / 潭子洲際中清 /年輕人興趣/上班族/工程師",inactive,1223,751,,,,,,820,250,每日,39,3.18888,133,2026-04-30,進行中
2024-03-16,2026-05-29,30-60/北屯建案再行銷,inactive,1061,619,,,,,,791,3000,總經費,61,5.749293,270,2025-12-02,2025-12-13
2024-03-16,2026-05-29,30-60/西屯北屯西區梧棲/自營商,inactive,1937,1567,,,3,577,actions:leadgen.other,1731,3000,總經費,85,4.388229,651,2025-12-05,2025-12-15
2024-03-16,2026-05-29,30-60/西屯北屯/軍公教(1208調整,inactive,2293,1620,,,,,,1766,3000,總經費,69,3.009158,466,2025-12-05,2025-12-15
2024-03-16,2026-05-29,30-60/西屯北屯烏日后里/科技業,inactive,1617,1232,,,,,,1153,3000,總經費,57,3.525046,371,2025-12-05,2025-12-15
2024-03-16,2026-05-29,28-55/北屯西屯/上班族(1212調整,inactive,1630,1330,,,1,1023,actions:leadgen.other,1023,2500,總經費,67,4.110429,386,2025-12-08,2025-12-20
2024-03-16,2026-05-29,28-55/西屯西區北區/服務業/休閒生活(1212調整,inactive,1607,1366,,,,,,1009,2500,總經費,50,3.111388,447,2025-12-08,2025-12-20
2024-03-16,2026-05-29,30-55/西屯北屯東區/高消費族群,inactive,832,760,,,,,,684,3000,總經費,51,6.129808,308,2025-12-08,2025-12-28
2024-03-16,2026-05-29,28-60/西屯北區北屯/教師/公務員/醫療人員(1212調整,inactive,1402,1095,,,,,,926,2500,總經費,66,4.707561,411,2025-12-10,2025-12-20
2024-03-16,2026-05-29,30-60/西屯北屯/換屋族(1215調整,inactive,1261,975,,,,,,1344,3000,總經費,69,5.471848,341,2025-12-14,2025-12-24
2024-03-16,2026-05-29,"28-65 /南屯大里/ 五金傳產+政治(1215調整",inactive,1424,1169,,,1,1161,actions:leadgen.other,1161,3000,總經費,43,3.019663,339,2025-12-14,2025-12-24
2024-03-16,2026-05-29,30-56/嶺東大慶豐樂公園/律師/診所/教育/科技/量販店,inactive,4174,2776,1,,4,683.75,actions:leadgen.other,2735,3000,總經費,182,4.360326,1199,2025-12-14,2025-12-24
2024-03-16,2026-05-29,35-65/沙鹿大肚烏日彰化/收租/退休教授/醫師/投資興趣,inactive,1464,1044,,,,,,1181,3000,總經費,62,4.234973,470,2025-12-14,2025-12-24
2024-03-16,2026-05-29,30-55/西屯北屯南屯/企業管理/中小企業主,inactive,751,650,,,,,,689,3000,總經費,36,4.793609,212,2025-12-17,2025-12-28
2024-03-16,2026-05-29,28-55/西屯西區大里/3C科技/智慧生活,inactive,2691,2038,1,,2,916,actions:leadgen.other,1832,3000,總經費,106,3.939056,792,2025-12-17,2025-12-28
2024-03-16,2026-05-29,"28-60/台中/2024-2025 北屯2000萬換屋客群名單",inactive,1548,623,,,,,,1582,2000,總經費,57,3.682171,402,2025-12-19,2025-12-29
2024-03-16,2026-05-29,28-55/74沿線/通勤/傳產/零售,inactive,1764,1414,,,,,,1393,3000,總經費,104,5.895692,536,2025-12-19,2025-12-29
2024-03-16,2026-05-29,30-60/豐原后科潭子/投資置產/科技業/名車,inactive,3716,2700,1,,1,1763,actions:leadgen.other,1763,2250,總經費,185,4.978471,1115,2025-12-23,2025-12-31
2024-03-16,2026-05-29,32-60/南屯西屯烏日/精品化妝品/進口代理商/投資興趣,inactive,1309,1051,,,,,,897,2250,總經費,82,6.264324,448,2025-12-23,2025-12-31
2024-03-16,2026-05-29,"35-60/北台中+沙鹿/ 運輸加工出口貿易/換屋",inactive,2656,2036,,,1,1855,actions:leadgen.other,1855,2250,總經費,140,5.271084,874,2025-12-23,2025-12-31
2024-03-16,2026-05-29,27-50/西屯南屯/小家庭自營商(1231換區域,inactive,5351,3667,,,3,935.66666667,actions:leadgen.other,2807,2850,總經費,257,4.802841,1528,2025-12-26,2026-01-05
2024-03-16,2026-05-29,30-60/西屯南屯/投資顧問/外語/留學,inactive,2977,2093,,,1,2062,actions:leadgen.other,2062,2100,總經費,140,4.702721,660,2025-12-29,2026-01-05
2024-03-16,2026-05-29,30-60/純北屯+少量潭子/家庭換屋（0103調,inactive,2934,1723,,,,,,2052,2100,總經費,96,3.271984,365,2025-12-29,2026-01-05
2024-03-16,2026-05-29,35-60/西屯南屯南區/包租公/租賃管理族,inactive,78,60,,,,,,28,1000,總經費,2,2.564103,9,2026-01-05,2026-01-09
2024-03-16,2026-05-29,30-55/西屯北屯/高爾夫/精品/運動,inactive,31,25,,,,,,13,1000,總經費,2,6.451613,4,2026-01-05,2026-01-09
2024-03-16,2026-05-29,35-55/西屯西區南區/政治/社會議題/投資,inactive,21,20,,,,,,11,1000,總經費,2,9.52381,7,2026-01-05,2026-01-09
2024-03-16,2026-05-29,"202509_景立方_名單1510-高效速成-潭子 廣告組合",not_delivering,14894,7794,4,,7,583.42857143,actions:leadgen.other,4084,300,每日,651,4.370888,210,2025-10-02,進行中
2024-03-16,2026-05-29,"202511_景立方_名單1510-高效速成-大台中出國旅遊 廣告組合",not_delivering,5255,2784,,,3,735.66666667,actions:leadgen.other,2207,300,每日,230,4.376784,728,2025-11-24,進行中
2024-03-16,2026-05-29,"202511_景立方_名單1510-高效速成-北屯潭子豐原-美甲美髮相關 廣告組合",not_delivering,3469,2450,1,,1,1106,actions:leadgen.other,1106,300,每日,147,4.237532,140,2025-11-24,進行中
2024-03-16,2026-05-29,"202511_景立方_名單1510-高效速成-北屯大坑豐原/貴婦/投資/享受生活 廣告組合",not_delivering,2157,1509,,,1,927,actions:leadgen.other,927,300,每日,57,2.642559,273,2025-11-28,進行中
2024-03-16,2026-05-29,"202511_景立方_名單1510-高效速成-西屯北屯/科技3C迷 廣告組合",not_delivering,2459,1684,,,1,972,actions:leadgen.other,972,300,每日,84,3.416023,282,2025-11-28,進行中
2024-03-16,2026-05-29,"202512_景立方_名單1510-高效速成-大雅豐原太原/汽車/野餐(1203調區域 廣告組合",not_delivering,2918,2011,,,1,1137,actions:leadgen.other,1137,300,每日,116,3.975326,164,2025-12-01,進行中
2024-03-16,2026-05-29,"202512_景立方_名單1510-高效速成-中科豐原潭子/個人護理/休閒(1208換區域 廣告組合",not_delivering,9203,5911,4,1,3,861,actions:leadgen.other,2583,250,每日,344,3.737912,322,2025-12-01,進行中
2024-03-16,2026-05-29,"202512_景立方_名單1510-高效速成-大台中/上班族/通勤者 廣告組合",not_delivering,1858,1784,,,,,,536,300,每日,59,3.175457,161,2025-12-01,進行中
2024-03-16,2026-05-29,"202512_景立方_名單1510-高效速成-西屯潭子大里/醫療業(1208換區域 廣告組合",not_delivering,3097,2442,,,1,1276,actions:leadgen.other,1276,250,每日,92,2.970617,181,2025-12-05,進行中
2024-03-16,2026-05-29,"202512_景立方_名單1510-高效速成-豐原潭子北屯/金融保險銀行 廣告組合",not_delivering,2658,2003,,,,,,842,250,每日,116,4.364184,87,2025-12-08,進行中
2024-03-16,2026-05-29,"202512_景立方_名單1510-高效速成-潭子北屯太平/子女置產 廣告組合",not_delivering,9604,3815,4,,10,522.8,actions:leadgen.other,5228,250,每日,415,4.321116,1120,2025-12-10,進行中
2024-03-16,2026-05-29,28-55/北屯豐原/文藝興趣/品味生活族(0105換區域,inactive,10456,6331,,1,3,1712.33333333,actions:leadgen.other,5137,5750,總經費,513,4.906274,2340,2025-12-26,2026-03-13
2024-03-16,2026-05-29,"202512_景立方_名單_1510-高效速成(0112+排除) 廣告組合",not_delivering,10128,3914,2,,9,527.11111111,actions:leadgen.other,4744,250,每日,483,4.768957,543,2025-12-31,進行中
2024-03-16,2026-05-29,"30-60 / 南台中 / 科技置產男(跑下午3-1點)",inactive,1329,914,1,,,,,702,2500,總經費,64,4.815651,272,2026-01-12,2026-01-23
2024-03-16,2026-05-29,"33-65 / 靜宜大雅中清 / 家庭興趣(跑10-1點",inactive,8498,4382,,,7,783.28571429,actions:leadgen.other,5483,6000,總經費,377,4.436338,658,2026-01-12,2026-02-23
2024-03-16,2026-05-29,"30-60 / 中科七期后科 / 工程師+能源相關(12-1點）",inactive,1782,1229,,,,,,1226,2500,總經費,79,4.433221,302,2026-01-14,2026-01-25
2024-03-16,2026-05-29,"30-55/ 文心崇德/ 純買房興趣",inactive,1297,914,,,,,,1428,2500,總經費,33,2.544333,160,2026-01-19,2026-01-30
2024-03-16,2026-05-29,"202601_景立方_名單_1510_北屯再行銷(12-1點) 廣告組合",not_delivering,2215,814,,,1,1150,actions:leadgen.other,1150,2500,總經費,65,2.934537,15,2026-01-19,2026-01-30
2024-03-16,2026-05-29,"202601_景立方_名單_1510_西屯北區/電競/主機玩家(0126調整投放地區 廣告組合",not_delivering,6274,2616,,,3,696.66666667,actions:leadgen.other,2090,2550,總經費,204,3.251514,59,2026-01-23,2026-01-31
2024-03-16,2026-05-29,"33-65 / 北屯中科潭子 / 家庭興趣(跑10-1點",inactive,2070,1384,,,,,,1082,2850,總經費,79,3.816425,46,2026-01-26,2026-02-04
2024-03-16,2026-05-29,"27-55 / 十期 / 新婚成家教育(0322",inactive,1828,1216,,,,,,1204,200,每日,68,3.719912,509,2026-03-18,2026-04-18
2024-03-16,2026-05-29,28-60/逢甲中科中科/科技/傳產/成家,inactive,4524,1485,,,1,1467,actions:leadgen.other,1467,200,每日,62,1.370469,417,2026-03-24,2026-04-18
2024-03-16,2026-05-29,"33-65 / 北屯洲際 / 在地傳產父母 - 複本",not_delivering,4253,2808,,,,,,590,2500,總經費,62,1.457795,267,2026-04-08,2026-04-30
2024-03-16,2026-05-29,35-55/十期西屯/科技業興趣,not_delivering,3414,2090,,,,,,560,2500,總經費,50,1.464558,208,2026-04-09,2026-04-30
2024-03-16,2026-05-29,"30-50 / 北屯松竹 / 投資換屋",inactive,2694,1670,,,1,1109,actions:leadgen.other,1109,200,每日,69,2.561247,125,2026-03-12,進行中
2024-03-16,2026-05-29,"28-45 / 北屯洲際 / 自營商家庭",inactive,7328,3927,1,1,3,849.66666667,actions:leadgen.other,2549,300,每日,132,1.80131,174,2026-03-12,進行中
2024-03-16,2026-05-29,30-65/北屯潭子水湳/成家興趣/公務員,inactive,2311,1491,,,,,,841,200,每日,52,2.250108,119,2026-03-12,進行中
2024-03-16,2026-05-29,"28-50 / 松竹 / 房地產",inactive,2549,1953,,,,,,1210,300,每日,35,1.373087,122,2026-03-25,進行中
2024-03-16,2026-05-29,"28-50 / 北屯潭子 / 股票精品",inactive,1906,1440,,,,,,937,300,每日,26,1.364113,171,2026-03-27,進行中
2024-03-16,2026-05-29,"27-55 / 十期 / 591房產/上班族",inactive,2240,1641,,,,,,935,300,每日,28,1.25,60,2026-03-27,進行中
2024-03-16,2026-05-29,"27-55 / 北屯潭子/ 年輕人興趣",inactive,4932,3164,,,2,1115,actions:leadgen.other,2230,200,每日,62,1.257097,112,2026-03-27,進行中
2024-03-16,2026-05-29,"30-50 / 北屯洲際 /  自由業",inactive,1558,1194,,,,,,589,300,每日,25,1.604621,90,2026-03-30,進行中
2024-03-16,2026-05-29,"30-50 / 太原洲際 /  金融房產",inactive,1526,1243,,,,,,601,300,每日,24,1.572739,68,2026-03-30,進行中
2024-03-16,2026-05-29,"30-50 / 北屯潭子 /  旅遊房產",inactive,1323,1091,,,,,,570,300,每日,13,0.982615,55,2026-03-30,進行中
2024-03-16,2026-05-29,28-60/北屯好市多+3/房地產591,inactive,5708,3391,,1,4,479.75,actions:leadgen.other,1919,使用行銷活動預算,0,83,1.4541,45,2026-03-31,進行中
2024-03-16,2026-05-29,35-65/北屯好市多+3/儲蓄保險股票(0407+太原,not_delivering,3615,2525,,,2,740,actions:leadgen.other,1480,使用行銷活動預算,0,56,1.549101,43,2026-03-31,進行中
2024-03-16,2026-05-29,小艾中部2000以下網站訪客_180天_網頁瀏覽,inactive,738,506,,,,,,567,使用行銷活動預算,0,24,3.252033,12,2026-03-31,進行中
2024-03-16,2026-05-29,35-65/北屯好市多+3/純股票科技(0407+太原,not_delivering,1267,926,,,,,,413,使用行銷活動預算,0,15,1.183899,10,2026-04-01,進行中
2024-03-16,2026-05-29,28-60/北屯潭子+3/房地產591,inactive,1552,1262,1,,,,,584,使用行銷活動預算,0,20,1.28866,8,2026-04-01,進行中
2024-03-16,2026-05-29,28-60/北屯潭子+3/房地產+父母,not_delivering,3686,2584,,,2,651.5,actions:leadgen.other,1303,使用行銷活動預算,0,67,1.817689,42,2026-04-01,進行中
2024-03-16,2026-05-29,小艾中部2000以上網站訪客_180天_網頁瀏覽,not_delivering,67,56,,,,,,35,使用行銷活動預算,0,3,4.477612,2,2026-04-01,進行中
2024-03-16,2026-05-29,28-55/北屯潭子+3/房地產+運動,inactive,572,497,,,,,,172,使用行銷活動預算,0,4,0.699301,5,2026-04-02,進行中
2024-03-16,2026-05-29,35-64/彰化/房地產591(0404調,not_delivering,5196,3279,,,2,815.5,actions:leadgen.other,1631,使用行銷活動預算,0,79,1.5204,67,2026-04-02,進行中
2024-03-16,2026-05-29,28-60/北屯潭子+3/房地產+股票,not_delivering,734,595,,,,,,278,使用行銷活動預算,0,12,1.634877,7,2026-04-04,進行中
2024-03-16,2026-05-29,"33-60/北屯好市多+3/房地產591 V2",not_delivering,1559,1122,,,2,291.5,actions:leadgen.other,583,使用行銷活動預算,0,26,1.667736,16,2026-04-07,進行中
2024-03-16,2026-05-29,"33-65 / 北屯洲際 / 在地傳產父母",inactive,1,1,,,,,,0,3000,總經費,0,0,,2026-04-08,2026-05-08
2024-03-16,2026-05-29,"27-55 / 北屯潭子 / 年輕人興趣",inactive,1015,751,,,,,,650,300,每日,13,1.280788,12,2026-04-14,進行中
2024-03-16,2026-05-29,"28-60 /北屯+5K / 投資置產/雙語教育/高收興趣",inactive,786,603,,,,,,730,300,每日,18,2.290076,9,2026-04-14,進行中
2024-03-16,2026-05-29,"30-60 / 水湳北屯 / 房產興趣",not_delivering,1423,971,,,1,995,actions:leadgen.other,995,300,每日,25,1.756852,11,2026-04-27,進行中
2024-03-16,2026-05-29,"28-65 / 北屯74 / 自營商/投資置產",inactive,1848,1284,,,,,,1300,300,每日,38,2.056277,40,2026-04-16,進行中
2024-03-16,2026-05-29,"30-65 / 水湳北屯 / 生醫/電子/商管/教授",inactive,3709,2319,,,7,482.14285714,actions:leadgen.other,3375,300,每日,97,2.61526,74,2026-04-16,進行中
2024-03-16,2026-05-29,"30-60/ 十期 / 591房產/上班族",inactive,3969,2232,,,4,545.5,actions:leadgen.other,2182,300,每日,86,2.166793,46,2026-04-20,進行中
2024-03-16,2026-05-29,"30-60 / 水湳北屯 / 財會/公務員",inactive,855,672,,,,,,802,300,每日,8,0.935673,3,2026-04-27,進行中
