分析報告開始,分析報告結束,廣告名稱,廣告投遞,曝光次數,觸及人數,貼文留言數,訊息對話開始次數,潛在顧客,每次成果成本,成果指標,"花費金額 (TWD)",廣告組合預算,廣告組合預算類型,點擊次數（全部）,CTR（全部）,頻率,開始,結束時間
2026-04-09,2026-07-21,0507_黑馬A版,inactive,1597,1351,,1,1,,,208,3000,總經費,52,3.256105,1.182087,2026-05-11,2026-05-22
2026-04-09,2026-07-21,0508_黑馬B版,not_delivering,1396,1271,,,,,,196,3000,總經費,36,2.578797,1.098348,2026-05-11,2026-05-22
2026-04-09,2026-07-21,0424_南興角地V2,inactive,1797,1657,,1,2,171,actions:leadgen.other,342,7500,總經費,54,3.005008,1.08449,2026-04-09,2026-06-15
2026-04-09,2026-07-21,0512_雙捷運,not_delivering,1505,1328,,,,,,326,3000,總經費,24,1.594684,1.133283,2026-05-11,2026-05-22
2026-04-09,2026-07-21,0515_AI影片V2,not_delivering,811,669,,,,,,158,3000,總經費,12,1.479655,1.212257,2026-05-14,2026-05-25
2026-04-09,2026-07-21,0508_黑馬B版,not_delivering,4552,3835,1,,1,841,actions:leadgen.other,841,3000,總經費,93,2.043058,1.186962,2026-05-14,2026-05-25
2026-04-09,2026-07-21,0515_AI影片V2,inactive,2358,1351,,,,,,739,7500,總經費,62,2.629347,1.745374,2026-04-09,2026-06-15
2026-04-09,2026-07-21,0515_AI影片V2,not_delivering,2710,1953,,,2,386.5,actions:leadgen.other,773,10000,總經費,50,1.845018,1.387609,2026-04-09,2026-06-20
2026-04-09,2026-07-21,0515_AI影片V3,inactive,1947,1314,,,1,549,actions:leadgen.other,549,10000,總經費,37,1.90036,1.481735,2026-04-09,2026-06-20
2026-04-09,2026-07-21,0518_好市多森活圈,inactive,1233,951,1,,,,,453,10000,總經費,40,3.24412,1.29653,2026-04-09,2026-06-20
2026-04-09,2026-07-21,0515_AI影片V2,not_delivering,414,359,,,1,152,actions:leadgen.other,152,5000,總經費,20,4.830918,1.153203,2026-05-18,2026-06-20
2026-04-09,2026-07-21,0518_好市多森活圈,inactive,1334,963,,,,,,619,5000,總經費,34,2.548726,1.385254,2026-05-18,2026-06-20
2026-04-09,2026-07-21,0508_黑馬B版,inactive,2403,2018,2,,1,621,actions:leadgen.other,621,5000,總經費,70,2.913025,1.190783,2026-05-18,2026-06-20
2026-04-09,2026-07-21,0522_北屯表參道A版,inactive,1323,1076,,,,,,581,5000,總經費,30,2.267574,1.229554,2026-05-18,2026-06-20
2026-04-09,2026-07-21,0522_北屯表參道B版,not_delivering,1623,1243,,,,,,441,5000,總經費,45,2.772643,1.305712,2026-05-18,2026-06-20
2026-04-09,2026-07-21,0515_AI影片V2,not_delivering,1264,1000,1,,,,,351,2000,總經費,31,2.452532,1.264,2026-05-26,2026-06-06
2026-04-09,2026-07-21,0507_黑馬B版,not_delivering,672,642,,,,,,119,2000,總經費,16,2.380952,1.046729,2026-05-26,2026-06-06
2026-04-09,2026-07-21,0522_北屯表參道B版,not_delivering,1974,1518,,,1,425,actions:leadgen.other,425,2000,總經費,45,2.279635,1.300395,2026-05-26,2026-06-06
2026-04-09,2026-07-21,0518_好市多森活圈,not_delivering,131,117,,,,,,48,2000,總經費,4,3.053435,1.119658,2026-05-26,2026-06-06
2026-04-09,2026-07-21,0508_黑馬B版,not_delivering,1176,995,,,,,,264,10000,總經費,22,1.870748,1.18191,2026-04-09,2026-06-20
2026-04-09,2026-07-21,0522_北屯表參道B版,inactive,1484,1264,,,,,,326,10000,總經費,14,0.943396,1.174051,2026-04-09,2026-06-20
2026-04-09,2026-07-21,0430_南興訂簽68萬,inactive,809,699,,,,,,170,10000,總經費,28,3.461063,1.157368,2026-04-09,2026-06-20
2026-04-09,2026-07-21,0424_南興角地V2,inactive,1620,1238,,,,,,314,3000,總經費,40,2.469136,1.308562,2026-05-01,2026-05-10
2026-04-09,2026-07-21,0410_訂簽68萬,inactive,5281,4610,1,,2,544,actions:leadgen.other,1088,3000,總經費,191,3.616739,1.145553,2026-05-01,2026-05-10
2026-04-09,2026-07-21,0424_南興角地V2,not_delivering,341,300,1,,1,68,actions:leadgen.other,68,3000,總經費,11,3.225806,1.136667,2026-05-01,2026-05-10
2026-04-09,2026-07-21,0410_訂簽68萬,not_delivering,8329,6849,8,,4,332.5,actions:leadgen.other,1330,3000,總經費,335,4.022091,1.21609,2026-05-01,2026-05-10
2026-04-09,2026-07-21,0424_南興角地V2,inactive,6757,5633,,,2,668,actions:leadgen.other,1336,6300,總經費,238,3.522273,1.199538,2026-04-22,2026-06-15
2026-04-09,2026-07-21,0424_南興角地V2,inactive,7442,5323,,,3,460.33333333,actions:leadgen.other,1381,10000,總經費,159,2.136522,1.398084,2026-04-09,2026-06-20
2026-04-09,2026-07-21,0430_南興訂簽68萬,inactive,1032,801,,,,,,242,7500,總經費,32,3.100775,1.28839,2026-04-09,2026-06-15
2026-04-09,2026-07-21,0430_南興訂簽68萬,not_delivering,113,95,,,,,,29,3000,總經費,8,7.079646,1.189474,2026-05-01,2026-05-10
2026-04-09,2026-07-21,0410_訂簽68萬,inactive,2543,2309,,,,,,450,3000,總經費,82,3.224538,1.101343,2026-05-02,2026-05-13
2026-04-09,2026-07-21,0424_南興角地V2,not_delivering,636,538,,,,,,159,3000,總經費,11,1.72956,1.182156,2026-05-02,2026-05-13
2026-04-09,2026-07-21,0424_南興角地V2,not_delivering,663,567,,,,,,184,3000,總經費,17,2.564103,1.169312,2026-05-02,2026-05-13
2026-04-09,2026-07-21,0410_訂簽68萬,inactive,1944,1751,1,,,,,406,3000,總經費,77,3.960905,1.110223,2026-05-02,2026-05-13
2026-04-09,2026-07-21,0410_訂簽68萬new,inactive,1107,1026,,,,,,238,10000,總經費,35,3.161698,1.078947,2026-04-09,2026-06-20
2026-04-09,2026-07-21,0508_黑馬B版,inactive,1921,1775,,,,,,462,7500,總經費,63,3.279542,1.082254,2026-04-09,2026-06-15
2026-04-09,2026-07-21,0424_南興角地V2,not_delivering,1909,1735,,,,,,307,3000,總經費,46,2.409639,1.100288,2026-05-07,2026-05-17
2026-04-09,2026-07-21,0410_訂簽68萬new,not_delivering,571,546,,,,,,153,3000,總經費,16,2.802102,1.045788,2026-05-07,2026-05-17
2026-04-09,2026-07-21,0410_訂簽68萬new,not_delivering,2628,2342,,,2,359,actions:leadgen.other,718,3000,總經費,72,2.739726,1.122118,2026-05-07,2026-05-17
2026-04-09,2026-07-21,0424_南興角地V2,inactive,8103,6223,,,5,289.8,actions:leadgen.other,1449,3000,總經費,223,2.752067,1.302105,2026-05-07,2026-05-17
2026-04-09,2026-07-21,0507_黑馬A版,inactive,31,30,,,,,,3,3000,總經費,4,12.903226,1.033333,2026-05-07,2026-05-17
2026-04-09,2026-07-21,0512_雙捷運,not_delivering,332,310,,,,,,39,3000,總經費,19,5.722892,1.070968,2026-05-07,2026-05-17
2026-04-09,2026-07-21,0507_黑馬A版,not_delivering,426,386,,,,,,58,3000,總經費,16,3.755869,1.103627,2026-05-07,2026-05-17
2026-04-09,2026-07-21,0424_南興角地V2,inactive,1466,1284,,,,,,344,3000,總經費,51,3.478854,1.141745,2026-05-11,2026-05-22
2026-04-09,2026-07-21,0512_雙捷運,not_delivering,282,257,,,,,,53,3000,總經費,5,1.77305,1.097276,2026-05-11,2026-05-22
2026-04-09,2026-07-21,0410_訂簽68萬new,not_delivering,975,903,,,,,,376,3000,總經費,31,3.179487,1.079734,2026-05-11,2026-05-22
2026-04-09,2026-07-21,0410_訂簽68萬,inactive,25408,12924,51,24,37,115.55882353,actions:leadgen.other,3929,10000,總經費,1508,5.935139,1.965955,2026-04-09,2026-06-20
2026-04-09,2026-07-21,0410_訂簽68萬,not_delivering,30793,15391,47,11,41,130.25641026,actions:leadgen.other,5080,7500,總經費,1685,5.472023,2.000715,2026-04-09,2026-06-15
2026-04-09,2026-07-21,0410_訂簽68萬,not_delivering,19,19,,,,,,14,2500,總經費,0,0,1,2026-04-21,2026-04-30
2026-04-09,2026-07-21,0410_訂簽68萬,not_delivering,3,3,,,,,,0,2500,總經費,0,0,1,2026-04-21,2026-04-30
2026-04-09,2026-07-21,0410_訂簽68萬,not_delivering,3607,3052,3,,1,691,actions:leadgen.other,691,2500,總經費,135,3.742722,1.181848,2026-04-22,2026-04-30
2026-04-09,2026-07-21,0410_訂簽68萬,inactive,17198,12611,18,,15,193.46666667,actions:leadgen.other,2902,6300,總經費,857,4.983138,1.36373,2026-04-22,2026-06-15
2026-04-09,2026-07-21,0424_南興角地V1,inactive,8791,4852,,,5,285.2,actions:leadgen.other,1426,6300,總經費,371,4.220225,1.81183,2026-04-22,2026-06-15
2026-04-09,2026-07-21,0410_訂簽68萬,not_delivering,5759,5034,6,,3,425,actions:leadgen.other,1275,6000,總經費,231,4.011113,1.144021,2026-04-24,2026-05-14
2026-04-09,2026-07-21,0424_南興角地V2,not_delivering,11238,6087,,,13,150.46153846,actions:leadgen.other,1956,6000,總經費,379,3.372486,1.84623,2026-04-24,2026-05-14
2026-04-09,2026-07-21,0507_黑馬B版,inactive,32,32,,,,,,1,6300,總經費,0,0,1,2026-04-22,2026-06-15
2026-04-09,2026-07-21,0410_訂簽68萬,not_delivering,1274,1131,,,,,,318,3000,總經費,50,3.924647,1.126437,2026-04-28,2026-05-08
2026-04-09,2026-07-21,0424_南興角地V1,inactive,1631,1290,,,,,,227,3000,總經費,47,2.881668,1.264341,2026-04-28,2026-05-08
2026-04-09,2026-07-21,0424_南興角地V2,not_delivering,3030,2258,,,2,276.5,actions:leadgen.other,553,3000,總經費,80,2.640264,1.341895,2026-04-29,2026-05-10
2026-04-09,2026-07-21,0410_訂簽68萬,not_delivering,1330,1191,,,,,,296,3000,總經費,55,4.135338,1.116709,2026-04-29,2026-05-10
2026-04-09,2026-07-21,0424_南興角地V2,inactive,2334,1601,,,,,,521,3000,總經費,63,2.699229,1.457839,2026-04-29,2026-05-10
2026-04-09,2026-07-21,0410_訂簽68萬,inactive,3806,3388,4,,2,346,actions:leadgen.other,692,3000,總經費,134,3.520757,1.123377,2026-04-29,2026-05-10
2026-04-09,2026-07-21,0430_南興訂簽68萬,not_delivering,656,533,,,,,,153,3000,總經費,28,4.268293,1.230769,2026-04-29,2026-05-10
2026-04-09,2026-07-21,0424_南興角地V2,not_delivering,2715,2403,,,1,526,actions:leadgen.other,526,250,每日,65,2.394107,1.129838,2026-06-05,進行中
2026-04-09,2026-07-21,0424_南興角地V2,not_delivering,1297,1177,,,,,,183,250,每日,37,2.852737,1.101954,2026-06-08,進行中
2026-04-09,2026-07-21,0410_訂簽68萬,not_delivering,512,489,,,,,,126,250,每日,18,3.515625,1.047035,2026-06-08,進行中
2026-04-09,2026-07-21,0424_南興角地V2,inactive,2295,2088,,,,,,348,300,每日,60,2.614379,1.099138,2026-05-22,進行中
2026-04-09,2026-07-21,0522_北屯表參道A版,inactive,1022,810,,,,,,312,300,每日,23,2.250489,1.261728,2026-05-22,進行中
2026-04-09,2026-07-21,0515_AI影片V2,not_delivering,22,22,,,,,,1,300,每日,0,0,1,2026-05-22,進行中
2026-04-09,2026-07-21,0522_北屯表參道B版,inactive,1489,1253,,,,,,309,300,每日,30,2.014775,1.188348,2026-05-19,進行中
2026-04-09,2026-07-21,0424_南興角地V2,not_delivering,3184,2784,,,1,504,actions:leadgen.other,504,300,每日,91,2.85804,1.143678,2026-05-19,進行中
2026-04-09,2026-07-21,0522_北屯表參道B版,not_delivering,569,534,,,,,,89,300,每日,7,1.230228,1.065543,2026-05-25,進行中
2026-04-09,2026-07-21,0508_黑馬B版,not_delivering,12530,10040,6,2,5,403.4,actions:leadgen.other,2017,300,每日,293,2.338388,1.248008,2026-05-25,進行中
2026-04-09,2026-07-21,0410_訂簽68萬,not_delivering,373,350,,,,,,57,250,每日,9,2.412869,1.065714,2026-05-26,進行中
2026-04-09,2026-07-21,0424_南興角地V2,inactive,2479,2195,,1,1,542,actions:leadgen.other,542,250,每日,77,3.106091,1.129385,2026-05-26,進行中
2026-04-09,2026-07-21,0508_黑馬B版,inactive,8208,6047,3,1,6,273.66666667,actions:leadgen.other,1642,250,每日,167,2.0346,1.357367,2026-05-26,進行中
2026-04-09,2026-07-21,0522_北屯表參道B版,inactive,735,634,,,,,,205,250,每日,15,2.040816,1.159306,2026-05-28,進行中
2026-04-09,2026-07-21,0424_南興角地V2,not_delivering,13355,8397,,,10,255.5,actions:leadgen.other,2555,250,每日,441,3.302134,1.590449,2026-05-28,進行中
2026-04-09,2026-07-21,0410_訂簽68萬,not_delivering,178,171,,,,,,38,250,每日,1,0.561798,1.040936,2026-05-28,進行中
2026-04-09,2026-07-21,0508_黑馬B版,inactive,1539,1331,1,,,,,298,250,每日,24,1.559454,1.156273,2026-05-28,進行中
2026-04-09,2026-07-21,0522_北屯表參道B版,not_delivering,3754,2538,,,3,351.66666667,actions:leadgen.other,1055,250,每日,83,2.210975,1.479117,2026-06-01,進行中
2026-04-09,2026-07-21,0410_訂簽68萬,not_delivering,558,537,1,,,,,187,250,每日,21,3.763441,1.039106,2026-06-01,進行中
2026-04-09,2026-07-21,0508_黑馬B版,inactive,740,657,1,,,,,190,250,每日,18,2.432432,1.126332,2026-06-01,進行中
2026-04-09,2026-07-21,0515_AI影片V2,not_delivering,470,387,,,,,,150,250,每日,10,2.12766,1.21447,2026-05-26,進行中
2026-04-09,2026-07-21,0602_無痛換(影片),inactive,1287,900,3,1,1,527,actions:leadgen.other,527,250,每日,42,3.263403,1.43,2026-05-26,進行中
2026-04-09,2026-07-21,0508_黑馬B版,not_delivering,234,213,,,,,,27,250,每日,8,3.418803,1.098592,2026-06-05,進行中
2026-04-09,2026-07-21,0410_訂簽68萬,inactive,923,849,1,,,,,210,250,每日,34,3.68364,1.087161,2026-06-05,進行中
2026-04-09,2026-07-21,0410_訂簽68萬,not_delivering,1477,1364,1,,1,269,actions:leadgen.other,269,300,每日,52,3.52065,1.082845,2026-05-04,進行中
2026-04-09,2026-07-21,0430_南興訂簽68萬,not_delivering,134,121,,,,,,34,300,每日,1,0.746269,1.107438,2026-05-04,進行中
2026-04-09,2026-07-21,0424_南興角地V2,not_delivering,556,476,,,,,,106,300,每日,6,1.079137,1.168067,2026-05-04,進行中
2026-04-09,2026-07-21,0430_南興訂簽68萬,not_delivering,975,744,1,,,,,190,300,每日,38,3.897436,1.310484,2026-05-04,進行中
2026-04-09,2026-07-21,0430_南興訂簽68萬,not_delivering,31,27,,,,,,21,300,每日,1,3.225806,1.148148,2026-05-04,進行中
2026-04-09,2026-07-21,0424_南興角地V2,not_delivering,278,253,,,,,,40,300,每日,6,2.158273,1.098814,2026-05-04,進行中
2026-04-09,2026-07-21,0410_訂簽68萬,not_delivering,1479,1322,,,,,,230,300,每日,43,2.90737,1.118759,2026-05-04,進行中
2026-04-09,2026-07-21,0410_訂簽68萬,not_delivering,1246,1159,1,,,,,313,300,每日,43,3.451043,1.075065,2026-05-04,進行中
2026-04-09,2026-07-21,0515_AI影片V2,inactive,603,529,,,,,,208,300,每日,24,3.9801,1.139887,2026-05-19,進行中
2026-04-09,2026-07-21,0424_南興角地V2,not_delivering,9286,7276,,,4,392.75,actions:leadgen.other,1571,300,每日,260,2.799914,1.276251,2026-05-19,進行中
2026-04-09,2026-07-21,0507_黑馬A版,inactive,1046,948,,,,,,188,300,每日,24,2.294455,1.103376,2026-05-19,進行中
2026-04-09,2026-07-21,0410_訂簽68萬,inactive,2440,2188,2,,1,596,actions:leadgen.other,596,300,每日,84,3.442623,1.115174,2026-05-19,進行中
2026-04-09,2026-07-21,0508_黑馬B版,not_delivering,1998,1698,,,1,376,actions:leadgen.other,376,300,每日,59,2.952953,1.176678,2026-05-19,進行中
2026-04-09,2026-07-21,0522_北屯表參道A版,not_delivering,441,385,,,,,,91,300,每日,5,1.133787,1.145455,2026-05-19,進行中
2026-04-09,2026-07-21,0508_黑馬B版,not_delivering,3,3,,,,,,0,300,每日,0,0,1,2026-05-19,進行中
2026-04-09,2026-07-21,0522_北屯表參道B版,not_delivering,3331,2592,,,1,743,actions:leadgen.other,743,300,每日,64,1.921345,1.285108,2026-05-22,進行中
2026-04-09,2026-07-21,0515_AI影片V2,not_delivering,72,66,,,,,,12,300,每日,2,2.777778,1.090909,2026-05-23,進行中
2026-04-09,2026-07-21,0410_訂簽68萬,inactive,1363,1297,,,,,,265,300,每日,44,3.228173,1.050887,2026-05-20,進行中
2026-04-09,2026-07-21,0508_黑馬B版,not_delivering,918,846,,,,,,171,300,每日,24,2.614379,1.085106,2026-05-20,進行中
2026-04-09,2026-07-21,0512_雙捷運,not_delivering,357,310,,,,,,114,300,每日,4,1.120448,1.151613,2026-05-20,進行中
2026-04-09,2026-07-21,0518_好市多森活圈,not_delivering,73,69,,,,,,15,300,每日,0,0,1.057971,2026-05-20,進行中
2026-04-09,2026-07-21,0410_訂簽68萬,inactive,895,852,,,,,,137,300,每日,25,2.793296,1.050469,2026-05-20,進行中
2026-04-09,2026-07-21,0508_黑馬B版,not_delivering,12247,9494,2,2,5,393.8,actions:leadgen.other,1969,300,每日,274,2.237283,1.289973,2026-05-20,進行中
2026-04-09,2026-07-21,0522_北屯表參道B版,inactive,3175,2379,,,1,908,actions:leadgen.other,908,300,每日,64,2.015748,1.334594,2026-05-20,進行中
2026-04-09,2026-07-21,0508_黑馬B版,inactive,839,773,,,,,,163,300,每日,18,2.145411,1.085382,2026-05-22,進行中
2026-04-09,2026-07-21,0522_北屯表參道B版,not_delivering,5671,4392,,,3,413.33333333,actions:leadgen.other,1240,300,每日,119,2.098395,1.291211,2026-05-22,進行中
2026-04-09,2026-07-21,0515_AI影片V2,not_delivering,18,17,,,,,,1,300,每日,1,5.555556,1.058824,2026-05-22,進行中
2026-04-09,2026-07-21,0424_南興角地V2,inactive,2783,1965,,,,,,552,300,每日,73,2.623069,1.416285,2026-05-23,進行中
2026-04-09,2026-07-21,0518_好市多森活圈,not_delivering,2438,1550,,,1,691,actions:leadgen.other,691,300,每日,29,1.1895,1.572903,2026-05-23,進行中
2026-04-09,2026-07-21,0522_北屯表參道B版,not_delivering,360,251,,,,,,88,300,每日,17,4.722222,1.434263,2026-05-23,進行中
2026-04-09,2026-07-21,20260707_先享受,not_delivering,23,18,,,,,,2,300,每日,0,0,1.277778,2026-07-01,進行中
2026-04-09,2026-07-21,0508_黑馬B版,inactive,11946,7454,6,4,8,239.71428571,actions:leadgen.other,1678,200,每日,295,2.469446,1.602629,2026-06-12,進行中
2026-04-09,2026-07-21,0424_南興角地V2,not_delivering,3486,2860,,2,1,590,actions:leadgen.other,590,200,每日,105,3.012048,1.218881,2026-06-12,進行中
2026-04-09,2026-07-21,20260612_雙面煦光,inactive,9,9,,,,,,2,200,每日,0,0,1,2026-06-12,進行中
2026-04-09,2026-07-21,0410_訂簽68萬,not_delivering,2249,1716,1,1,2,439,actions:leadgen.other,439,200,每日,93,4.135171,1.310606,2026-06-12,進行中
2026-04-09,2026-07-21,0508_黑馬B版,inactive,8030,5501,3,1,5,306.2,actions:leadgen.other,1531,300,每日,201,2.503113,1.459735,2026-06-24,進行中
2026-04-09,2026-07-21,0410_訂簽68萬,not_delivering,3967,2801,2,2,3,538.5,actions:leadgen.other,1077,300,每日,135,3.403075,1.41628,2026-06-24,進行中
2026-04-09,2026-07-21,0424_南興角地V2,inactive,17430,9980,,2,10,268.5,actions:leadgen.other,2685,300,每日,581,3.333333,1.746493,2026-06-24,進行中
2026-04-09,2026-07-21,0424_南興角地V2,inactive,14239,8392,1,1,8,304.375,actions:leadgen.other,2435,300,每日,511,3.588735,1.696735,2026-07-01,進行中
2026-04-09,2026-07-21,0508_黑馬B版,not_delivering,1359,1127,,,,,,263,300,每日,34,2.50184,1.205856,2026-07-01,進行中
2026-04-09,2026-07-21,0410_訂簽68萬,inactive,831,709,,,,,,232,300,每日,31,3.730445,1.172073,2026-07-01,進行中
2026-04-09,2026-07-21,0508_黑馬B版,not_delivering,4439,3448,1,1,2,367,actions:leadgen.other,734,250,每日,110,2.478036,1.287413,2026-07-01,進行中
2026-04-09,2026-07-21,0522_北屯表參道B版,inactive,214,178,,,,,,43,250,每日,4,1.869159,1.202247,2026-07-01,進行中
2026-04-09,2026-07-21,0424_南興角地V2,inactive,2215,1896,,,,,,427,250,每日,74,3.340858,1.168249,2026-07-01,進行中
2026-04-09,2026-07-21,0508_黑馬B版,active,137,126,,,,,,18,200,每日,4,2.919708,1.087302,2026-07-01,進行中
2026-04-09,2026-07-21,0424_南興角地V2,active,12688,7207,,,9,274.44444444,actions:leadgen.other,2470,200,每日,388,3.058008,1.760511,2026-07-01,進行中
2026-04-09,2026-07-21,0508_黑馬B版,active,101,94,,,,,,10,200,每日,0,0,1.074468,2026-07-03,進行中
2026-04-09,2026-07-21,0410_訂簽68萬,inactive,1972,1709,2,1,,,,397,200,每日,55,2.789047,1.153891,2026-07-03,進行中
2026-04-09,2026-07-21,0424_南興角地V2,active,10333,6861,,1,9,199.55555556,actions:leadgen.other,1796,200,每日,280,2.709765,1.506049,2026-07-03,進行中
2026-04-09,2026-07-21,20260707_先享受,not_delivering,200,147,,,,,,47,300,每日,3,1.5,1.360544,2026-06-24,進行中
2026-04-09,2026-07-21,0424_南興角地V2,inactive,790,697,,,,,,162,250,每日,26,3.291139,1.133429,2026-06-08,進行中
2026-04-09,2026-07-21,0522_北屯表參道B版,not_delivering,1262,1069,,,,,,242,250,每日,21,1.664025,1.180543,2026-06-08,進行中
2026-04-09,2026-07-21,0515_AI影片V2,not_delivering,52,50,,,,,,10,250,每日,0,0,1.04,2026-06-08,進行中
2026-04-09,2026-07-21,0508_黑馬B版,not_delivering,208,186,,,,,,50,250,每日,3,1.442308,1.11828,2026-06-09,進行中
2026-04-09,2026-07-21,0522_北屯表參道A版,not_delivering,8,8,,,,,,0,250,每日,0,0,1,2026-06-09,進行中
2026-04-09,2026-07-21,0424_南興角地V2,inactive,3305,2820,,,1,637,actions:leadgen.other,637,250,每日,86,2.602118,1.171986,2026-06-09,進行中
2026-04-09,2026-07-21,0508_黑馬B版,not_delivering,16,16,,,,,,4,250,每日,0,0,1,2026-06-11,2026-06-15
2026-04-09,2026-07-21,0410_訂簽68萬,inactive,587,527,,,,,,211,250,每日,17,2.896082,1.113852,2026-06-11,2026-06-15
2026-04-09,2026-07-21,0424_南興角地V2,inactive,1896,1520,,,,,,305,250,每日,65,3.42827,1.247368,2026-06-11,2026-06-15
2026-04-09,2026-07-21,0508_黑馬B版,not_delivering,3020,2413,1,,2,399,actions:leadgen.other,798,250,每日,94,3.112583,1.251554,2026-06-11,進行中
2026-04-09,2026-07-21,0522_北屯表參道B版,inactive,286,248,,,,,,76,250,每日,11,3.846154,1.153226,2026-06-11,進行中
2026-04-09,2026-07-21,20260612_雙面煦光,not_delivering,474,372,,,,,,148,250,每日,22,4.64135,1.274194,2026-06-11,進行中
2026-04-09,2026-07-21,20260612_雙面煦光,not_delivering,41,39,,,,,,12,250,每日,1,2.439024,1.051282,2026-06-12,進行中
2026-04-09,2026-07-21,0508_黑馬B版,not_delivering,3452,2690,2,1,3,367.5,actions:leadgen.other,735,250,每日,101,2.92584,1.283271,2026-06-12,進行中
2026-04-09,2026-07-21,20260612_雙面煦光,not_delivering,8,8,,,,,,0,250,每日,0,0,1,2026-06-11,2026-06-15
2026-04-09,2026-07-21,20260612_雙面煦光,not_delivering,800,724,,,,,,222,250,每日,19,2.375,1.104972,2026-05-27,進行中
2026-04-09,2026-07-21,0508_黑馬B版,inactive,3131,2861,,,,,,519,250,每日,61,1.948259,1.094373,2026-05-27,進行中
2026-04-09,2026-07-21,0508_黑馬B版,inactive,1737,1474,,,,,,391,300,每日,37,2.130109,1.178426,2026-05-28,進行中
2026-04-09,2026-07-21,0410_訂簽68萬,inactive,1424,1282,,,,,,331,300,每日,48,3.370787,1.110764,2026-05-28,進行中
2026-04-09,2026-07-21,0522_北屯表參道B版,not_delivering,1596,1178,,,1,489,actions:leadgen.other,489,300,每日,28,1.754386,1.354839,2026-05-28,進行中
2026-04-09,2026-07-21,0410_訂簽68萬,inactive,3210,2921,,,1,771,actions:leadgen.other,771,300,每日,108,3.364486,1.098939,2026-05-29,進行中
2026-04-09,2026-07-21,0508_黑馬B版,not_delivering,903,791,,,,,,163,300,每日,20,2.214839,1.141593,2026-05-29,進行中
2026-04-09,2026-07-21,0424_南興角地V2,not_delivering,1544,1368,,,,,,309,300,每日,29,1.878238,1.128655,2026-05-29,進行中
2026-04-09,2026-07-21,0508_黑馬B版,not_delivering,1033,906,,,,,,133,300,每日,16,1.548887,1.140177,2026-06-01,進行中
2026-04-09,2026-07-21,0424_南興角地V2,not_delivering,958,864,,,,,,205,300,每日,21,2.192067,1.108796,2026-06-01,進行中
2026-04-09,2026-07-21,0602_無痛換(影片),inactive,251,215,,,,,,156,250,每日,19,7.569721,1.167442,2026-05-27,進行中
2026-04-09,2026-07-21,0522_北屯表參道B版,inactive,1614,1211,,,,,,278,250,每日,11,0.681537,1.332783,2026-06-04,進行中
2026-04-09,2026-07-21,0424_南興角地V2,not_delivering,2708,2322,,,1,491,actions:leadgen.other,491,250,每日,81,2.991137,1.166236,2026-06-04,進行中
2026-04-09,2026-07-21,0602_無痛換(影片),inactive,187,173,,,,,,48,250,每日,2,1.069519,1.080925,2026-06-04,進行中
2026-04-09,2026-07-21,0508_黑馬B版,not_delivering,3309,2535,,,2,352,actions:leadgen.other,704,250,每日,62,1.873678,1.305325,2026-06-04,進行中
2026-04-09,2026-07-21,0410_訂簽68萬,inactive,1039,951,,,,,,205,250,每日,39,3.753609,1.092534,2026-06-04,進行中
2026-04-09,2026-07-21,0410_訂簽68萬,not_delivering,2025,1770,2,,,,,554,300,每日,62,3.061728,1.144068,2026-05-20,進行中
2026-04-09,2026-07-21,0512_雙捷運,inactive,814,647,,,,,,233,300,每日,18,2.211302,1.258114,2026-05-20,進行中
2026-04-09,2026-07-21,0518_好市多森活圈,inactive,219,186,,,,,,72,300,每日,9,4.109589,1.177419,2026-05-20,進行中
2026-04-09,2026-07-21,0507_黑馬A版,not_delivering,4790,3763,,,2,456.5,actions:leadgen.other,913,300,每日,128,2.672234,1.272921,2026-05-20,進行中
2026-04-09,2026-07-21,0522_北屯表參道B版,not_delivering,2340,1368,,,,,,558,300,每日,39,1.666667,1.710526,2026-05-20,進行中
2026-04-09,2026-07-21,0522_北屯表參道A版,not_delivering,875,550,,,,,,261,300,每日,14,1.6,1.590909,2026-05-20,進行中
2026-04-09,2026-07-21,0522_北屯表參道B版,not_delivering,19,19,,,,,,0,300,每日,0,0,1,2026-05-20,進行中
2026-04-09,2026-07-21,0522_北屯表參道A版,inactive,1812,1360,,,,,,627,300,每日,37,2.041943,1.332353,2026-05-20,進行中
2026-04-09,2026-07-21,0508_黑馬B版,not_delivering,474,449,1,1,,,,76,300,每日,17,3.586498,1.055679,2026-05-25,進行中
2026-04-09,2026-07-21,0410_訂簽68萬,not_delivering,8115,6690,3,1,3,669,actions:leadgen.other,2007,300,每日,315,3.881701,1.213004,2026-05-25,進行中
2026-04-09,2026-07-21,0410_訂簽68萬,inactive,1534,1402,,,,,,402,300,每日,62,4.041721,1.094151,2026-05-25,進行中
2026-04-09,2026-07-21,0522_北屯表參道B版,not_delivering,113,94,,,,,,32,300,每日,3,2.654867,1.202128,2026-05-25,進行中
2026-04-09,2026-07-21,0508_黑馬B版,not_delivering,3593,2972,,,1,633,actions:leadgen.other,633,300,每日,57,1.586418,1.20895,2026-05-25,進行中
2026-04-09,2026-07-21,0508_黑馬B版,not_delivering,13650,9079,1,1,7,324,actions:leadgen.other,2268,250,每日,287,2.102564,1.50347,2026-05-26,進行中
2026-04-09,2026-07-21,0522_北屯表參道B版,not_delivering,1438,1175,,,1,369,actions:leadgen.other,369,250,每日,28,1.947149,1.22383,2026-05-26,進行中
2026-04-09,2026-07-21,0410_訂簽68萬,inactive,1069,995,1,,,,,207,250,每日,35,3.274088,1.074372,2026-05-26,進行中
2026-04-09,2026-07-21,0424_南興角地V2,inactive,833,772,,,,,,204,250,每日,13,1.560624,1.079016,2026-05-26,進行中
2026-04-09,2026-07-21,0424_南興角地V2,inactive,9111,6222,,2,6,298.5,actions:leadgen.other,1791,250,每日,206,2.261003,1.46432,2026-05-27,進行中
2026-04-09,2026-07-21,0410_訂簽68萬,inactive,7158,5748,1,1,5,284.4,actions:leadgen.other,1422,250,每日,247,3.450685,1.245303,2026-05-27,進行中
2026-04-09,2026-07-21,0507_黑馬A版,not_delivering,555,469,,,,,,98,3000,總經費,16,2.882883,1.183369,2026-05-08,2026-05-19
2026-04-09,2026-07-21,0507_黑馬A版,not_delivering,1017,831,,,,,,194,3000,總經費,27,2.654867,1.223827,2026-05-08,2026-05-19
2026-04-09,2026-07-21,0508_黑馬B版,inactive,2474,2056,,,,,,435,3000,總經費,56,2.263541,1.203307,2026-05-08,2026-05-19
2026-04-09,2026-07-21,0507_黑馬B版,not_delivering,5068,3885,1,3,3,380.33333333,actions:leadgen.other,1141,3000,總經費,131,2.584846,1.304505,2026-05-05,2026-05-15
2026-04-09,2026-07-21,0430_南興訂簽68萬,not_delivering,167,159,,,,,,32,3000,總經費,4,2.39521,1.050314,2026-05-08,2026-05-19
2026-04-09,2026-07-21,0430_南興訂簽68萬,not_delivering,27,26,,,,,,4,3000,總經費,0,0,1.038462,2026-05-08,2026-05-19
2026-04-09,2026-07-21,0424_南興角地V2,not_delivering,565,539,,,,,,105,3000,總經費,13,2.300885,1.048237,2026-05-08,2026-05-19
2026-04-09,2026-07-21,0410_訂簽68萬,not_delivering,1919,1420,1,,1,436,actions:leadgen.other,436,3000,總經費,61,3.178739,1.351408,2026-05-08,2026-05-18
2026-04-09,2026-07-21,0512_雙捷運,not_delivering,1402,1212,,,,,,445,3000,總經費,41,2.924394,1.156766,2026-05-05,2026-05-15
2026-04-09,2026-07-21,0424_南興角地V2,not_delivering,1329,1225,,,,,,187,2500,總經費,28,2.106847,1.084898,2026-05-12,2026-05-23
2026-04-09,2026-07-21,0512_雙捷運,not_delivering,563,518,,,,,,133,2500,總經費,19,3.374778,1.086873,2026-05-12,2026-05-23
2026-04-09,2026-07-21,0512_雙捷運,not_delivering,406,374,,,,,,109,2500,總經費,10,2.463054,1.085562,2026-05-12,2026-05-23
2026-04-09,2026-07-21,0410_訂簽68萬,not_delivering,994,928,,,,,,229,2500,總經費,37,3.722334,1.071121,2026-05-12,2026-05-23
2026-04-09,2026-07-21,0512_雙捷運,not_delivering,285,225,,,,,,83,3000,總經費,5,1.754386,1.266667,2026-05-08,2026-05-18
2026-04-09,2026-07-21,0512_雙捷運,not_delivering,2871,2172,,,1,592,actions:leadgen.other,592,3000,總經費,72,2.507837,1.321823,2026-05-13,2026-05-24
2026-04-09,2026-07-21,0512_雙捷運,not_delivering,3065,2373,1,,1,639,actions:leadgen.other,639,3000,總經費,70,2.28385,1.291614,2026-05-13,2026-05-24
2026-04-09,2026-07-21,0512_雙捷運,not_delivering,2797,2142,,,1,622,actions:leadgen.other,622,3000,總經費,62,2.216661,1.305789,2026-05-13,2026-05-24
2026-04-09,2026-07-21,0410_訂簽68萬,not_delivering,3887,3332,3,1,,,,902,3000,總經費,127,3.267301,1.166567,2026-05-13,2026-05-24
2026-04-09,2026-07-21,0508_黑馬B版,not_delivering,3411,2718,1,,,,,847,3000,總經費,68,1.99355,1.254967,2026-05-13,2026-05-24
2026-04-09,2026-07-21,0508_黑馬B版,not_delivering,5164,4327,,,1,846,actions:leadgen.other,846,3000,總經費,145,2.807901,1.193437,2026-05-13,2026-05-24
2026-04-09,2026-07-21,0410_訂簽68萬,inactive,3129,1801,3,2,1,610,actions:leadgen.other,610,300,每日,84,2.684564,1.737368,2026-05-20,進行中
2026-04-09,2026-07-21,0508_黑馬B版,inactive,319,207,,,,,,72,300,每日,5,1.567398,1.541063,2026-05-20,進行中
2026-04-09,2026-07-21,0508_黑馬B版,not_delivering,675,613,1,,,,,121,300,每日,14,2.074074,1.101142,2026-05-20,進行中
2026-04-09,2026-07-21,0410_訂簽68萬,not_delivering,4375,3926,2,,1,910,actions:leadgen.other,910,500,每日,149,3.405714,1.114366,2026-05-05,進行中
2026-04-09,2026-07-21,0410_訂簽68萬,not_delivering,2819,2507,3,,2,249,actions:leadgen.other,498,3000,總經費,91,3.228095,1.124452,2026-05-05,2026-05-15
2026-04-09,2026-07-21,0424_南興角地V2,inactive,1507,1326,,,,,,236,3000,總經費,30,1.99071,1.136501,2026-05-05,2026-05-15
2026-04-09,2026-07-21,0424_南興角地V2,inactive,1312,1078,,,,,,195,3000,總經費,31,2.362805,1.217069,2026-05-05,2026-05-15
2026-04-09,2026-07-21,0410_訂簽68萬,inactive,1496,1382,2,,1,341,actions:leadgen.other,341,3000,總經費,49,3.275401,1.082489,2026-05-05,2026-05-15
2026-04-09,2026-07-21,0424_南興角地V2,inactive,5007,3858,,,2,435.5,actions:leadgen.other,871,3000,總經費,139,2.776113,1.297823,2026-05-05,2026-05-15
2026-04-09,2026-07-21,0430_南興訂簽68萬,not_delivering,785,653,,,2,109,actions:leadgen.other,218,3000,總經費,19,2.420382,1.202144,2026-05-05,2026-05-15
2026-04-09,2026-07-21,0430_南興訂簽68萬,not_delivering,176,152,,,,,,46,3000,總經費,2,1.136364,1.157895,2026-05-05,2026-05-15
2026-04-09,2026-07-21,0424_南興角地V2,not_delivering,2073,1845,,,,,,334,3000,總經費,55,2.65316,1.123577,2026-05-06,2026-05-16
2026-04-09,2026-07-21,0430_南興訂簽68萬,not_delivering,80,75,,,,,,16,3000,總經費,1,1.25,1.066667,2026-05-06,2026-05-16
2026-04-09,2026-07-21,0410_訂簽68萬new,not_delivering,922,814,,,1,346,actions:leadgen.other,346,3000,總經費,29,3.145336,1.132678,2026-05-05,2026-05-15
2026-04-09,2026-07-21,0410_訂簽68萬new,not_delivering,4206,3553,1,,2,547,actions:leadgen.other,1094,3000,總經費,137,3.257252,1.183788,2026-05-05,2026-05-15
2026-04-09,2026-07-21,0430_南興訂簽68萬,inactive,26,24,,,,,,3,4000,總經費,0,0,1.083333,2026-05-07,2026-05-17
2026-04-09,2026-07-21,0410_訂簽68萬new,not_delivering,770,716,,,,,,146,4000,總經費,20,2.597403,1.075419,2026-05-07,2026-05-17
2026-04-09,2026-07-21,0430_南興訂簽68萬,inactive,119,102,,,,,,15,4000,總經費,1,0.840336,1.166667,2026-05-07,2026-05-17
2026-04-09,2026-07-21,0410_訂簽68萬new,not_delivering,446,411,,,,,,141,4000,總經費,12,2.690583,1.085158,2026-05-07,2026-05-17
2026-04-09,2026-07-21,0507_黑馬A版,inactive,1311,1110,1,,,,,238,3000,總經費,46,3.508772,1.181081,2026-05-05,2026-05-15
2026-04-09,2026-07-21,0507_黑馬A版,not_delivering,1477,1279,,,,,,268,4000,總經費,62,4.197698,1.154808,2026-05-07,2026-05-17
2026-04-09,2026-07-21,0507_黑馬A版,not_delivering,1034,892,,,,,,183,3000,總經費,30,2.901354,1.159193,2026-05-05,2026-05-15
2026-04-09,2026-07-21,0508_黑馬B版,inactive,6167,4910,1,,2,452,actions:leadgen.other,904,3000,總經費,158,2.562024,1.256008,2026-05-05,2026-05-15
2026-04-09,2026-07-21,0508_黑馬B版,inactive,1670,1503,,,,,,300,4000,總經費,47,2.814371,1.111111,2026-05-07,2026-05-17
2026-04-09,2026-07-21,0507_黑馬A版,not_delivering,14,14,,,,,,1,4000,總經費,0,0,1,2026-05-07,2026-05-17
2026-04-09,2026-07-21,0507_黑馬A版,not_delivering,363,323,,,1,60,actions:leadgen.other,60,3000,總經費,13,3.581267,1.123839,2026-05-08,2026-05-18
2026-04-09,2026-07-21,0508_黑馬B版,inactive,4264,3341,2,,1,712,actions:leadgen.other,712,3000,總經費,105,2.462477,1.276265,2026-05-08,2026-05-18
2026-04-09,2026-07-21,0508_黑馬B版,inactive,2972,2351,,,1,587,actions:leadgen.other,587,3000,總經費,75,2.523553,1.264143,2026-05-08,2026-05-19
