分析報告開始,分析報告結束,廣告組合名稱,廣告組合投遞,貼文留言數,訊息對話開始次數,潛在顧客,每次成果成本,成果指標,"花費金額 (TWD)",廣告組合預算,廣告組合預算類型,點擊次數（全部）,CTR（連結點閱率）,頻率,開始,結束時間
2026-02-23,2026-05-29,"30-55/ 東區太平/ 房產591",inactive,1,2,7,650.57142857,actions:leadgen.other,4554,4700,總經費,232,0.957466,2.411634,2026-02-23,2026-03-16
2026-02-23,2026-05-29,"40-65/ 東區 / 傳產製造投資",inactive,,,,,,552,4000,總經費,55,1.008712,1.533755,2026-03-03,2026-03-13
2026-02-23,2026-05-29,"35-65/ 台中市區 / 電商網拍",inactive,1,4,11,621.54545455,actions:leadgen.other,6837,7800,總經費,422,0.896552,1.652204,2026-03-04,2026-03-22
2026-02-23,2026-05-29,"30-55/ 中山醫太平 / 醫生興趣",inactive,,,1,2515,actions:leadgen.other,2515,2700,總經費,177,0.914962,1.621291,2026-03-04,2026-03-16
2026-02-23,2026-05-29,28-60/台中市區/科技機械,inactive,2,1,2,1374,actions:leadgen.other,2748,5500,總經費,144,1.027221,1.79007,2026-03-04,2026-03-16
2026-02-23,2026-05-29,"30-55/ 中山醫太平 / 金融業",inactive,,,5,625.6,actions:leadgen.other,3128,4800,總經費,218,0.781952,2.183281,2026-03-06,2026-03-16
2026-02-23,2026-05-29,"28-60/ 北屯洲際東區 / 體育購物精品",inactive,1,,,,,962,5900,總經費,71,1.144083,1.129645,2026-03-10,2026-03-22
2026-02-23,2026-05-29,"28-60/ 十期水湳 / 公務員+財務相關",inactive,,,,,,943,5900,總經費,44,0.768535,1.358722,2026-03-10,2026-03-22
2026-02-23,2026-05-29,"28-65 / 台中市區 / 再行銷",inactive,,,1,1355,actions:leadgen.other,1355,1500,總經費,71,0.904033,1.728365,2026-03-13,2026-03-16
2026-02-23,2026-05-29,"28-65 / 台中市區 / 1%公務員",inactive,1,,,,,1372,1500,總經費,66,0.904662,1.77298,2026-03-13,2026-03-16
2026-02-23,2026-05-29,"28-40/ 台中市區 / 年輕投資",inactive,1,,,,,1717,2700,總經費,74,0.685192,1.357272,2026-03-16,2026-03-22
2026-02-23,2026-05-29,"35-60 / 東區大里太平 / 收租父輩退休",inactive,,,,,,1774,2700,總經費,144,1.157742,1.548459,2026-03-16,2026-03-22
2026-02-23,2026-05-29,"35-60 / 台中市區  / 室內裝潢老闆",inactive,2,1,2,1348,actions:leadgen.other,2696,2700,總經費,197,1.021711,1.564957,2026-03-16,2026-03-22
2026-02-23,2026-05-29,28-55/東區南區大里/年輕人投資男(0322調區域,inactive,,,,,,1891,2200,總經費,108,0.873617,1.493043,2026-03-20,2026-03-24
2026-02-23,2026-05-29,35-55/南區太平大里/商辦自用需求,inactive,,,3,891.66666667,actions:leadgen.other,2675,11000,總經費,189,1.005523,1.619124,2026-03-20,2026-04-22
2026-02-23,2026-05-29,32-60/西屯烏日/商辦置產,inactive,,,,,,1576,2500,總經費,69,0.911229,1.303448,2026-03-20,2026-03-24
2026-02-23,2026-05-29,35-64/東區逢甲/置產包租公/喜愛戶外/退休（排除IG),inactive,,,,,,528,3000,總經費,38,1.874311,1.247593,2026-03-22,2026-04-01
2026-02-23,2026-05-29,"35-55/東區太平大里/ 教會非營利社區",inactive,3,,1,1844,actions:leadgen.other,1844,8400,總經費,125,0.937167,1.664894,2026-03-25,2026-04-22
2026-02-23,2026-05-29,"35-55/東區太平大里/ 網紅直播自媒體",inactive,1,,1,1796,actions:leadgen.other,1796,8000,總經費,123,0.738868,1.499854,2026-03-26,2026-04-22
2026-02-23,2026-05-29,"35-55/東區北區中區/ 企業家",inactive,,,,,,1334,8000,總經費,96,0.967175,1.469423,2026-03-26,2026-04-22
2026-02-23,2026-05-29,"28-55/台灣大道沿線/ 商業行銷",inactive,,,1,1798,actions:leadgen.other,1798,8000,總經費,77,0.804074,1.392684,2026-03-26,2026-04-22
2026-02-23,2026-05-29,"35-55/東區太平大里/ 工業服務與自動化系統商",inactive,1,,1,2198,actions:leadgen.other,2198,6400,總經費,167,1.369416,1.201567,2026-03-30,2026-04-22
2026-02-23,2026-05-29,"(暫時關閉)35-55/東區北區中區/ 法律相關執業者",inactive,2,,5,655.4,actions:leadgen.other,3277,6700,總經費,177,0.887097,1.780513,2026-03-31,2026-04-22
2026-02-23,2026-05-29,"35-55/東區北區中區/ 精品代購與高單價跨境電商",inactive,1,,,,,1844,6200,總經費,146,1.055165,1.577226,2026-03-31,2026-04-22
2026-02-23,2026-05-29,"35-55/東區北區中區/ 地政士包租代管",inactive,,,1,966,actions:leadgen.other,966,4700,總經費,67,0.987925,1.430141,2026-04-07,2026-04-22
2026-02-23,2026-05-29,"30-55/ 東區太平/ 百貨年輕興趣",inactive,3,4,11,734,actions:leadgen.other,8074,9000,總經費,573,0.989182,2.769874,2026-02-23,2026-05-22
2026-02-23,2026-05-29,"35-65/ 逢甲水湳北屯 / 投資相關",inactive,,,6,664.5,actions:leadgen.other,3987,4300,總經費,362,1.133896,2.139539,2026-03-04,2026-05-22
2026-02-23,2026-05-29,"30-55/ 台中市區 /顧問專業事務所",inactive,1,,6,599.5,actions:leadgen.other,3597,3600,總經費,190,0.715967,1.800777,2026-03-04,2026-05-22
2026-02-23,2026-05-29,"(暫時關閉)35-65 /北屯洲際 / 物流倉儲",inactive,5,,11,784.36363636,actions:leadgen.other,8628,12400,總經費,624,1.472599,2.272228,2026-03-16,2026-04-22
2026-02-23,2026-05-29,40-60/南區東區太平/台電工程師/換屋,inactive,,,,,,885,8900,總經費,107,1.298701,1.419355,2026-03-23,2026-04-22
2026-02-23,2026-05-29,30-60/東區太平大里/醫美業,inactive,,,,,,834,8700,總經費,62,1.17713,1.377606,2026-03-24,2026-04-22
2026-02-23,2026-05-29,"35-65 /北屯洲際 / 私人俱樂部招待所",inactive,1,,1,713,actions:leadgen.other,713,8700,總經費,44,0.957592,1.361266,2026-03-24,2026-04-22
2026-02-23,2026-05-29,"(暫時關閉)35-55/東區太平大里/ ISO 認證與財稅顧問",inactive,2,,10,705.2,actions:leadgen.other,7052,7800,總經費,448,1.118648,1.89684,2026-03-30,2026-05-22
2026-02-23,2026-05-29,"35-55/東區北區中區/ 美業",inactive,,,,,,635,4600,總經費,38,0.918033,1.288007,2026-04-07,2026-04-22
2026-02-23,2026-05-29,"35-55/東區北區中區/ 高階保經",inactive,1,,1,1897,actions:leadgen.other,1897,4800,總經費,99,0.70303,1.42487,2026-04-08,2026-04-22
2026-02-23,2026-05-29,"35-55/東區北區中區/ 數位轉型顧問與 ERP 系統整合商",inactive,,,,,,737,4400,總經費,36,0.81607,1.293019,2026-04-08,2026-04-22
2026-02-23,2026-05-29,"35-55/北區北屯/ 消防工程商、保全系統",inactive,2,1,,,,624,4400,總經費,24,1.140994,1.23565,2026-04-08,2026-04-22
2026-02-23,2026-05-29,"40-64 / 逢甲大學+3K / 包租公 直觀收租興趣(0415換東區北區",inactive,,,3,1016.66666667,actions:leadgen.other,3050,4300,總經費,80,1.013777,1.689504,2026-04-10,2026-04-22
2026-02-23,2026-05-29,"35-64/東區大里/ 懂投資的傳產自營商",inactive,1,,4,815.25,actions:leadgen.other,3261,3420,總經費,172,1.263394,2.099731,2026-04-10,2026-04-22
2026-02-23,2026-05-29,"28-55/東區大慶/ 年輕科技與醫療菁英",inactive,,,,,,0,4000,總經費,0,,1,2026-04-10,2026-04-22
2026-02-23,2026-05-29,"28-55/東區大慶/ 年輕科技與醫療菁英 - 創業",inactive,1,,1,1406,actions:leadgen.other,1406,3600,總經費,89,1.075269,1.563401,2026-04-10,2026-04-22
2026-02-23,2026-05-29,"28-55/東區大慶/ 年輕科技與醫療菁英 - 運動習慣",inactive,2,1,4,673,actions:leadgen.other,2692,4100,總經費,165,0.999714,2.056992,2026-04-10,2026-04-22
2026-02-23,2026-05-29,"28-65 / 台中市區 / 再行銷2",inactive,1,1,,,,654,200,每日,33,1.746217,1.593692,2026-04-12,2026-04-22
2026-02-23,2026-05-29,"28-65 / 東區大里 / 類似1% 商辦投資",inactive,,,1,1391,actions:leadgen.other,1391,300,每日,51,1.165501,1.503944,2026-04-12,2026-04-22
2026-02-23,2026-05-29,"28-65 / 東區潭子大里 / 類似1% 軟體工程",inactive,,,6,647.16666667,actions:leadgen.other,3883,233,每日,231,1.393836,2.559255,2026-04-15,2026-05-22
2026-02-23,2026-05-29,"28-65 / 東區中區大里 / 類似1% 理財顧問",inactive,,,,,,561,150,每日,24,1.007557,1.266348,2026-04-15,2026-04-22
2026-02-23,2026-05-29,"28-65 / 東區北區大里 / 類似1% 行銷公司",inactive,,,,,,551,150,每日,23,1.051625,1.252695,2026-04-15,2026-04-22
2026-02-23,2026-05-29,"(先抓)35-55/東區北區中區/ 法律相關執業者 +運動(0508換北屯西屯",inactive,1,,11,562.36363636,actions:leadgen.other,6186,6700,總經費,339,1.180715,2.459863,2026-04-16,2026-05-22
2026-02-23,2026-05-29,"(先開)35-65 /北屯洲際 / 物流倉儲+投資興趣",inactive,,,,,,675,1450,總經費,30,0.869093,1.088705,2026-04-16,2026-04-22
2026-02-23,2026-05-29,"30-55 / 南屯西屯 / 軍公教自營商",inactive,,,,,,716,960,總經費,27,0.774443,1.572298,2026-04-17,2026-04-22
2026-02-23,2026-05-29,"35-65 / 東區北區 / 傳產賓士投資(排除IG)",inactive,,,,,,715,250,每日,36,0.871189,1.54668,2026-03-26,進行中
2026-02-23,2026-05-29,30-60/北區東區大里/醫護/老師/公務員興趣,inactive,,,1,691,actions:leadgen.other,691,250,每日,40,0.96,1.665187,2026-03-26,進行中
2026-02-23,2026-05-29,"(先抓)35-55/東區北區中區/ soho設計游牧",inactive,,,2,971,actions:leadgen.other,1942,7000,總經費,94,1.09432,1.620777,2026-04-21,2026-05-22
2026-02-23,2026-05-29,"(先抓)35-55/東區北區中區/ 直播主公司(0511換區拿北區中區 換大里一點烏日",inactive,1,,7,810.71428571,actions:leadgen.other,5675,7000,總經費,403,1.196781,2.685445,2026-04-23,2026-05-22
2026-02-23,2026-05-29,"30-55 / 南屯西屯 / 公職運輸健身",inactive,,,,,,1173,7000,總經費,68,1.615882,1.567294,2026-04-23,2026-05-22
2026-02-23,2026-05-29,"35-55/東區北區中區/ 專業顧問 × 自雇接案菁英",inactive,,,2,948,actions:leadgen.other,1896,5800,總經費,120,1.250265,1.949195,2026-04-27,2026-05-22
2026-02-23,2026-05-29,"(預開)35-55 / 東區 北區 中區 / 自住換屋 親子學區族",inactive,,,,,,1254,233,每日,60,0.756939,1.786627,2026-04-29,2026-05-22
2026-02-23,2026-05-29,"(預開)35-65 / 東區北屯 / 軍公老台中人買給小孩(0508換北屯",inactive,,,1,1433,actions:leadgen.other,1433,233,每日,95,1.106581,1.618285,2026-04-29,2026-05-22
2026-02-23,2026-05-29,"(預開)35-55 / 東區 北區 大里 / 純商辦",inactive,,,,,,797,233,每日,45,1.678657,1.176858,2026-04-29,2026-05-22
2026-02-23,2026-05-29,"30–50 / 東區北區大里 / 北屯在地換屋首購菁英",inactive,2,,8,423.25,actions:leadgen.other,3386,333,每日,195,1.147643,2.01563,2026-05-08,2026-05-22
2026-02-23,2026-05-29,"30-60 / 東區北區大里 / 自營商/貿易/有家庭",inactive,,,3,578,actions:leadgen.other,1734,300,每日,73,1.600711,1.622655,2026-05-23,進行中
2026-02-23,2026-05-29,"30-55 / 南區大里東區 / 年輕人/自由業/成家",active,,,2,1084.5,actions:leadgen.other,2169,300,每日,89,1.129568,1.824242,2026-05-23,進行中
2026-02-23,2026-05-29,"30-60 / 水湳洲際 / 事務所/人力/行銷",active,,,4,489.75,actions:leadgen.other,1959,300,每日,60,0.952088,1.76,2026-05-23,進行中
2026-02-23,2026-05-29,"30-60 / 北屯東區 / 數位創作/電商",inactive,1,,,,,555,200,每日,34,1.439539,1.29602,2026-05-23,進行中
2026-02-23,2026-05-29,"30-60 / 水湳洲際 / 進口代理商/商業管理",active,,,,,,885,300,每日,27,1.02916,1.479695,2026-05-26,進行中
2026-02-23,2026-05-29,"30-60 / 西區北區 / 事務所/人力/行銷",active,,,,,,586,300,每日,14,0.436681,1.365127,2026-05-27,進行中
2026-02-23,2026-05-29,"30-60 / 東區南區 / 管理職/成家/教育(備)",active,,,,,,405,300,每日,13,0.71048,1.256696,2026-05-27,進行中
